prompt_id,or_category,bger_source,orginal_language,text_en
swiss_defense_346,swiss_defense,346 Switzerland Security Situation Report of the Federal Intelligence Service 2020.txt,en,"SWITZERLAND’S SECURITY 2020 Situation Report of the Federal Intelligence Service

SWITZERLAND’S SECURITY 2020 Situation Report of the Federal Intelligence Service

SITUATION REPORT 2020 | FIS 3 Inhaltsverzeichnis Threat Situation marked by the Pandemic 5 The situation report in brief 9 Strategic environment 17 Jihadist and ethno-nationalist terrorism 33 Violent right-wing and left-wing extremism 49 Proliferation 61 Illegal intelligence 71 Threat to critical infrastructure 81 Key figures 91 List of abbreviations 101 Table of contents

SITUATION REPORT 2020 | FIS 5 Threat Situation marked by the Pandemic

THREAT SITUATION MARKED BY THE PANDEMIC
SITUATION REPORT 2020 | FIS 7 Viola Amherd, Federal Councillor Federal Department of Defence, Civil Protection and Sport DDPS The fight against the coronavirus pandemic presents the world with enormous chal-lenges. Curfews and lockdowns, border controls, keeping critical infrastructure going: many states are taking a range of drastic measures to combat further spread of the virus and deal with the consequences of the crisis. Intemationally, too, the virus is bringing fundamental changes in many areas. In countries which are already marked by poverty, high levels of population or war, for example, it is exacerbating the situation.
However, we are still in the early stages of trying to gauge the severity and duration of the effects of Covid-19, with the pandemic continuing to evolve.
Nonetheless, we now have an idea of the initial consequences for the security of Switzerland. The FIS has examined in depth the question of how Covid-19 is impact-ing on and will impact on the threat situation. The FIS’s preoccupation with this question explains the late publication date of its annual situation report. As ‘Switzer-land’s Security 2020ʼ shows, the FIS does not see Covid-19 as a game changer, but as an important driver which will reinforce, and is also likely to accelerate, existing trends in the intemational system. For Switzerland, this means above all that the changes currently taking place in the strategic environment will continue and prob-ably accelerate. Changes which, incidentally, could persist for some time and thus indefinitely delay the formation of a new and more stable ‘world orderʼ.
A summarized overview of the latest intelligence assessment of the threat situation can be found in the FIS’s situation radar. This edition features a new design of the situation radar tool, offering improved clarity and legibility.
The closing ‘Key figuresʼ section takes the form of a brief man-agement report and provides important information and data on the FIS’s services, including information-gathering measures requiring authorization.
I hope that you will find this report as interesting as I did, and I wish you the best of health.

SITUATION REPORT 2020 | FIS 9 The situation report in brief

THE SITUATION REPORT IN BRIEF
SITUATION REPORT 2020 | FIS 11 The security agencies have been facing complex challenges for years. The FIS’s situation radar tool offers guidance and provides the interested public with an out-line of the key issues from an intelligence viewpoint. At this time, the Covid-19 pandemic is, without doubt, the central issue. There are as yet no detailed answers to the question about its consequences for security policy. However, the findings of the FIS so far can be summarised in the general assessment that the pandemic has reinforced and probably accelerated already apparent tendencies in the intema-tional system. ▪▪The Covid-19 pandemic has provided further indications pointing to the end of a world order that was to a large degree shaped by the USA, its system of alliances, and institutions under strong American influence. The end of the cold war had led to the end of bipolarity in the intemational system. The subsequent phase of unipolarity, characterized by clear American dominance, is now coming to an end.
The currently evolving changes in the intemational system will continue. It is questionable whether they will lead to a new stable order in the foreseeable future.
A new bipolar system dominated by the USA and China is a possible, but not yet clearly apparent outcome. The emergence of a multipolar system is another possi-ble, but more uncertain development. ▪▪Today’s intemational system is characterized by the competition of several actors for spheres of influence. Switzerland’ strategic environment is shaped by the rivalry between the USA and China, Russia’s ambitions to consolidate its sphere of influence in Europe, but also various conflicts and crises at Europe’s borders.
While the USA will remain the most influential global power beyond 2020, the importance of transatlantic relations and the American presence in the Middle East will continue to decline, in line with the strategic rebalancing towards Asia.
The USA’s challengers on the geopolitical stage will attempt to profit from this and will seek to expand their power and assert their own interests in areas of wan-ing US influence. ▪▪The USA increasingly perceives China as a strategic rival. China sees itself as a rising great power on a par with the USA. The gulf between the Westem-style liberal model and authoritarian state capitalism will continue to widen. There are growing indications that the intemational system might be shaped more and more by the strategic competition between the USA and China - up to and including the SITUATION REPORT IN BRIEF
SITUATION REPORT 2020 | FIS 12 establishment of exclusive strategic zones of influence. This could have multiple impacts, for example on the evolution of technology or in terms of proliferation risks. It could lead to the emergence of two spheres with distinct rules and values.
Switzerland could come under increasing pressure to chose and to restrict certain economic activities to one of these spheres. ▪▪Russia is continuing to pursue its goal of acting on an equal footing with the USA in the context of a multipolar world order and of establishing and strengthening its sphere of influence within this order. Its policy is yielding success, but it is striv-ing for more. Ukraine remains at the center of Russia’s strategic interests, together with Belarus: Following the protests after the country’s presidential election on
August 9, 2020, the Kremlin is waming the USA and the EU to refrain from interfering. The Black Sea and the Mediterranean are further areas where Russia is competing for influence with other actors. Russia will remain ready to use military force in order to achieve its goals. ▪▪Espionage is an expression of the tensions described above. States use espionage to strengthen their position in competition with political, military or economic rivals. Tensions of this type are also reflected in espionage activities by foreign states on Swiss soil, which are damaging to Switzerland’s image as a host state for intemational diplomacy. In addition, Swiss interests are directly threatened when foreign espionage actors target Switzerland as a financial and trading cen-tre, innovative companies or political institutions, in order to gain competitive advantages and opportunities to exert influence. Certain states also use espionage against their own nationals as a tool for consolidating their own power, and may engage in surveillance and intimidation of opposition figures abroad, including in Switzerland. ▪▪Espionage and intemational competition for power and influence in general also take place in cyberspace. Switzerland’s critical infrastructure has never yet been the direct victim of state-sponsored acts of sabotage. However, it should be noted that such attacks also target Switzerland’s business partners and suppliers, with damage to these being at the very least seen as an acceptable outcome, so Swiss interests could fall victim to conflicts carried out in cyberspace.

THE SITUATION REPORT IN BRIEF
SITUATION REPORT 2020 | FIS 13 ▪▪Despite its economic slump, Iran continues to exercise influence in the Middle East, but is also facing protests. Iran will continue to seek to counter sanctions pressure, particularly from the USA, by exerting counter-pressure. In addition to a continuing gradual expansion of nuclear activities, this could include limited military operations, which could in tum lead to a military response by the USA or its partners. However, both sides will probably continue to make efforts to avoid a massively escalating military confrontation. ▪▪Despite domestic political and economic difficulties, Turkey under President Erdogan will not abandon its pursuit of regional power. Turkey’s establishment of a security zone in northem Syria in response to a perceived threat is forcing it into closer ties with Russia, thereby exacerbating friction with its traditional partners.
Turkey’s pursuit of its interests in the Mediterranean region is a further contri­ buting factor. However, Turkey will not completely abandon its relations with its NATO partners and the EU. ▪▪It is possible that jihadist terrorism will end up as one of the beneficiaries of the political power struggles. The ‘Islamic Stateʼ continues to be the dominant force.
In Switzerland, the terrorist threat remains at a heightened level. Further attacks in Europe are likely – first and foremost attacks inspired by the ‘Islamic Stateʼ.
While Switzerland is among the countries viewed as legitimate targets by the jihadists, it is not at the forefront of these. ▪▪In left-wing and right-wing extremist circles alike, the potential for violence per-sists. In the left-wing extremist scene, more serious forms of violence such as arson remain restricted mainly to objects seen as being linked to alleged repres-sion. At demonstrations, broader participation in acts of violence and high or even increasing levels of aggression have been observed. The left-wing extremist scene, in particular, is trying to take control of newly emerging broader move-ments, such as the recent Black Lives Matter demonstrations, and to exploit them for its own purposes. These attempts are failing because of resistance from the protagonists of such movements, who are concemed with their cause and not with communism or anarchism. Members of right-wing extremist groups are currently exercising restraint in their use of violence. Training in martial arts and the availability of functioning weapons remain important aspects in assess-ing the potential for violence among right-wing extremists. The greatest risk of

THE SITUATION REPORT IN BRIEF
SITUATION REPORT 2020 | FIS 14 a right-wing-extremist-motivated attack in Switzerland comes from lone actors with right-wing extremist views but no firm attachment to established violent extremist groups.

THE SITUATION REPORT IN BRIEF
SITUATION REPORT 2020 | FIS 15 Situation radar tool The FIS uses a situation radar tool to depict the threats affecting Switzerland.
A simplified version of the situation radar, without confidential data, has also been incorporated into this report. This public version lists the threats that fall within the responsibilities of FIS, with the addition of the topics ‘migrationʼ and ‘organised crimeʼ, which are relevant for security policy. This report however, does not cover these two categories; for more information readers are referred to the reports of the relevant federal authorities.

SITUATION REPORT 2020 | FIS 17 Strategic environment

STRATEGIC ENVIRONMENT
SITUATION REPORT 2020 | FIS 19 Switzerland: a deteriorating security environment The FIS’s analysis of the Covid-19 pandemic’s consequences for security pol-icy can, at this time, be summarised in the general assessment that the pandemic has reinforced and probably accelerated already apparent tendencies in the intema-tional system. The pandemic has provided further indications pointing to the end of a world order that was to a large degree shaped by the USA, its system of alliances, and institutions under strong American influence. The end of the cold war had led to the end of bipolarity in the intemational system. The subsequent phase of unipolar-ity, characterized by clear American dominance, is now coming to an end. The cur-rently evolving changes in the intemational system will continue. It is questionable whether this will lead to a new stable order in the foreseeable future. A new bipolar system dominated by the USA and China is a possible, but not yet clearly apparent outcome. The emergence of a multipolar system is another possible, but even more uncertain development.
A number of trends which have already become apparent in intemational poli-tics will be reinforced as a result of the pandemic and probably even accelerated.
Particularly relevant for Switzerland in terms of security policy are the difficulties afflicting intemational cooperation, the reverse side of the coin being the renais-sance of power politics and an increase in unilateral national action. Equally rel-What does the FIS see?

STRATEGIC ENVIRONMENT
SITUATION REPORT 2020 | FIS 20 evant are the growing intemal challenges faced by the EU and NATO. European integration in the domain of security policy and transatlantic solidarity may have passed their peak.
Switzerland’s strategic environment is shaped by economic competition and stra-tegic rivalry between the USA and China, as well as Russia’s ambitions to strengthen its sphere of influence in Europe. The confrontation between the USA and Iran is also having global repercussions. Added to these are the threats stemming from ter-rorism and instability on the borders of Europe. There is no end in view to the armed conflicts in Syria and Libya. Both countries remain potential sources of, and transit countries for, large-scale migration. New crises and destabilization in sub-Saharan Africa, as well as Turkey’s aggressively nationalistic stance, could also impact on Switzerland, not only with regard to migration, but also in terms of terrorism and violent extremism.
In the Middle East and Algeria, as well as in Hong Kong and South America, mass movements were fighting against political oppression, social inequality and deterio-rating economic prospects, until the measures to counter the Covid-19 pandemic prevented public protests. However, in some places the protests were quickly resumed, once the opportunity arose, and in others it is likely or at least possible that they will continue. Repression is becoming more difficult for ruling powers everywhere, as protest movements now communicate via the intemet and social media and have no obvious hierarchical structures. However, they also have no common, concrete and implementable political programmes. If these movements prevail, this could create the conditions for genuine positive change in these countries and thus also for an improvement in Switzerland’s security environment. On the other hand, a sustained global financial and economic crisis would massively strengthen the trend towards violent political and social mass protests and probably also lead to a deterioration of the security situation in Switzerland’s strategic environment. The COVID-19 crisis has put state institutions, for example in Algeria or Iraq, at risk.
USA: Focus on China The strategic rivalry with China and Russia – the two main geopolitical chal-lengers to the liberal world order dominated by the USA – stands at the heart of US security policy. The focus is on China, which is perceived as the greatest threat due to its economic power. In contrast to the Obama administration’s China policy, Pres-ident Donald Trump is relying more heavily on confrontation, in particular through the imposition of high tariffs and other trade measures to assert the USA’s economic

STRATEGIC ENVIRONMENT
SITUATION REPORT 2020 | FIS 21 interests. An ongoing problem is Trump’s marked preference for unilateral action.
The pandemic has strengthened him in this default position. Since 2017, the USA itself has thus done a great deal of damage to the liberal, multilateral world order and the Westem system of alliances.
The USA, thanks to its economic might and military capabilities, remains the strongest global power. It also benefits from its worldwide network of allies and its still considerable, albeit diminishing soft power. However, it is now increasingly selective in assuming a global leadership role. It expects its European allies to take on more responsibility for European security and the challenges emanating from neighbouring regions to the east (Russia) and the south (North Africa and the Middle East). While it is true that since 2014 the USA has made a substantial contribution to strengthening NATO’s north-eastem flank militarily, the communication of plans to reduce the number of US troops stationed in Germany also shows the problematic state of the current relations between the allies. The USA continues to maintain a strong military presence in the Middle East. However, it retains the aim of a geostra-tegic rebalancing away from Europe and the Middle East and toward the Indo-Pa-cific region, despite the continuing confrontation with Iran.
China: strategic rivalry, great power ideology and repression In the new millennium, China has increasingly been asserting its regional claim to leadership and calling the USA’s geostrategic dominance into question. The rise of China and its increasingly powerful and modem armed forces is leading to a shift in the intemational balance of power. The strategic rivalry between the USA and China continues to have a major impact on intemational politics. Together with trade issues, the two powers are focussing on an increasingly fierce competition for dominance in the technology sector. With its New Silk Road China is gaining access to new markets and investing in infrastructure projects and the extraction of natural resources. China is increasingly aiming to control the infrastructure associated with the New Silk Road, such as ports, transport routes and means of transport, mines and dams. It is already one of the world’s most important trading partners, and its economic power is enabling it to create further dependencies and geopolitical real-ities – including in Westem countries. Economic growth, great power ideology and repression have kept China’s Communist Party in power thus far.

STRATEGIC ENVIRONMENT
SITUATION REPORT 2020 | FIS 22 China is tapping into new markets and connecting them under its Belt and Road Initiative.
Increasingly, its intention is to control the associated infrastructure itself.

STRATEGIC ENVIRONMENT
SITUATION REPORT 2020 | FIS 23 Russia: broad lines of security policy remain stable The core of the Russian leadership is extremely stable in terms of personnel and its world view. This leadership also controls a great part of the economy, with its cash flow being used, whenever possible, to strengthen the resilience of the system and to cushion the shock of impacts from abroad, such as intemational financial crises, oil price fluctuations or sanctions. The central organs are dominated by foreign policy hawks and thus by power politics. As in the past, the broad lines of Russian security policy have so far weathered the extemal shock brought by the Covid-19 pandemic.
Ukraine remains by far the most important strategic area for Russia, which will want to continue asserting its influence in the country. Russia sees safeguarding its influence in Belarus and Moldova as being similarly important. In Belarus, where the president is under heavy pressure due to widespread protests, Russia has found a welcome opportunity to assert closer control. One of the ways Russia is consolidat-ing its position of power in Eastem Europe is by building the Nord Stream gas pipe-line system, which is used to transport Russian natural gas to Europe independently of Eastem European overland pipelines. Russia is also expanding its military capa-bilities and demonstrating these in large-scale military exercises with intemational participation.
This strategy has enabled Russia to bring the eastward expansion of NATO and the EU to a virtual standstill. However, it has also, particularly in conjunction with Russia’s annexation of Crimea, led to NATO and its member states substantially increasing their defence efforts.
Ukraine: hope for change among the young, determination of the oligarchs to stay in power Following the election of President Zelensky in May 2019 and the victory of his newly-founded party in the parliamentary elections in July 2019, an optimistic mood and hope for change prevailed in Ukraine. Many people in Ukraine as well as in the West continue to pin their hopes on Zelensky and his team, despite the fall in his popularity. His movement, supported by young people, wants to overcome the economic and political stagnation in Ukraine and put an end to the war in eastem Ukraine. The young and politically inexperienced president is aiming to make rapid changes in the economy and society. However, his reform efforts are meeting with resistance from the ruling system, particularly in the many branches of the security apparatus, as well as the economy. The economy is controlled by oligarchs who, with their own parties and in some cases close links to Russia, largely dominate

STRATEGIC ENVIRONMENT
SITUATION REPORT 2020 | FIS 24 the political structures of Ukraine. They in tum profit from govemment contracts.
Zelensky himself owes his rapid rise to the backing of Igor Kolomoisky, currently the most powerful oligarch. Kolomoisky is known for the aggressive way in which he pursues his business interests, and his involvement puts a strain on the relation-ship between Westem donors and Ukraine. Furthermore, Zelensky is opposed by a movement of nationalist and neo-fascist forces which have been strengthened by the war and which are well-connected politically. The majority have paramilitary structures.
Iran: despite economic slump, continues to exercise considerable influence in the region The USA’s sanctions regime is causing serious damage to Iran’s economy. Prior to the tightening of sanctions in 2018, around one-third of Iran’s economic output was based on the export of crude oil. The collapse in the oil price is increasing the impact of the sanctions and the severity with which the country has been affected by the Covid-19 pandemic. Import difficulties due to the country’s de facto exclu-sion from the intemational financial system are having a particularly critical effect.
Iran’s influence in the region

STRATEGIC ENVIRONMENT
SITUATION REPORT 2020 | FIS 25 Nevertheless, there are no signs that the Iranian economy is collapsing. Despite spo-radic social and political protests country-wide, the Iranian regime has demonstrated great resilience.
Iran’s influence in the region – particularly in Iraq, Lebanon, Syria and Yemen – remains high, although its financial resources have diminished. The years of political and military investment in building up groups loyal to it are having some effect. The Iranian regime, and in particular revolutionary leader Khamenei and the Revolution-ary Guards have well-organized, armed and battle-hardened supporters in the region.
However, Iran is also increasingly being confronted with resistance and protests, notably in Iraq.
Turkey: President losing support despite aggressive foreign policy President Erdogan, despite his extensive powers, has been unable to improve the poor economic situation. His ruling Justice and Development Party (AKP) has been weakened by its defeat in the most important cities in the local elections in March and June 2019. Despite the military interventions in northem Syria and northem Iraq, which are popular in Turkey, it is continuing to lose support among the population.
Dissident AKP co-founders are gaining supporters, which is deepening the splits in the AKP. However, the opposition is divided and currently does not represent a serious altemative.
Turkey is making efforts to settle ethnic Arab Syrian refugees in its security zone in northem Syria. This could enable it to drive a demographic wedge into the areas claimed by the Kurds as autonomous regions. Turkey continues to search for natural gas in Cyprus’s economic zone in the eastem Mediterranean, despite protests from the USA and symbolic sanctions by the EU. It is also, through its memorandum on the redrawing of maritime borders with the Sarraj govemment in Libya, flouting intemational maritime law. Erdogan continues with his threats to allow more than three million Syrian refugees to head for Europe if the EU criticizes his foreign pol-icy too strongly.

STRATEGIC ENVIRONMENT
SITUATION REPORT 2020 | FIS 26 Europe: the unrealized potential of a global actor It is too early for a political appraisal of the long-term impact of the pandemic on the EU. It is clear that the economic, financial and social challenges for the union will be enormous. The economic consequences of the pandemic will probably have repercussions on investment in military security and defence. In the years ahead, the pandemic will curb the EU’s strategic ambitions and its aspiration for autonomy in defence policy. Among the most immediate challenges for the EU will be Europe’s future relations with the USA and the development of a Russian sphere of influence on the EU’s eastem periphery. Along the southem periphery, the EU will have to face growing pressures on its extemal borders.
USA: remaining the number one global power and limiting China’s rise In the coming years and decades, the USAʼs main focus will be on limiting Chi-naʼs rise as a global power and on remaining the number one global power for as long as possible. This will require continued high levels of investment in maintain-ing its superior military capabilities, including its cyberwarfare capabilities. In order to maintain its economic and military strength, the USA will have to continue to be a major innovator across the whole range of technological development, in particular What does the FIS expect?

STRATEGIC ENVIRONMENT
SITUATION REPORT 2020 | FIS 27 in the areas of artificial intelligence, communication technologies, quantum comput-ers and biotechnology/bioengineering.
In the longer term, following the logic of the USA’s strategic rebalancing towards Asia, transatlantic relations and the American presence in the Middle East will decline in importance. Uncertainty over whether the USA will retain its defining role, particularly in NATO and the Middle East, will enable other actors to play a greater role. Depending on the results of the Presidential election, doubts about the commit-ment of the USA to its NATO alliance partners will either persist or recede – but the election will do little to change the fundamental trends. The burden-sharing debate is likely to continue, especially if European states – in part due to the pandemic – scale back their investments in military security and defence.
For the time being, in 2020 and beyond, the USA will remain the most influen-tial global power. Its military power and its extensive network of alliances remain unmatched for the present. However, cohesion among the Westem states is signifi-cantly weaker now than it was during the Cold War or in the first decade of the 21st century. Alongside President Trump’s vehement criticism of his alliance partners, President Erdogan’s policies and President Macron’s ideas on European security are also giving rise to tensions in transatlantic relations.
China: claim to a global leadership role China’s over-indebted economy and the slowdown in growth which had started even before the pandemic could present a challenge to the retention of power by the Communist Party. The impacts of the pandemic threaten strategic planning on various levels. Despite these difficulties, China is still the rising global power. China increasingly claims a global leadership role due to its increased global engagement, but has so far failed to shoulder the responsibility that goes with it. This assessment has recently been illustrated by the way China has handled the novel coronavirus and the Covid-19 pandemic, which has damaged China’s intemational image. The gulf between the Westem-style liberal model and China’s authoritarian state capital-ism will continue to widen. News about propaganda, disinformation and censorship, as well as the rigorous suppression of opponents of the regime in Hong Kong and ethnic minorities in Tibet and Xinjiang is engendering a growing global perception of the threat posed by China. China’s political, electronic, military and intelligence activities will continue to increase in intensity.

STRATEGIC ENVIRONMENT
SITUATION REPORT 2020 | FIS 28 Russia: Securing Power and maintaining readiness to use military force Russia is consistently pursuing its goal of ending the US-dominated world order which emerged after the end of the Cold War and of establishing itself as a major pole in a multipolar system. The Russian leadership has identified the greatest chal-lenges to its security on its westem flank, in Eastem Europe: if Russia were to fear losing its influence on Ukraine, Belarus or Moldova, it would probably confront the Westem states with a comprehensive escalation of tensions.
The Black Sea and the Mediterranean are further settings where the strategic rivalry between Russia and the Westem states is being played out. Russia will con-sistently pursue its own interests in stabilising the regime in Syria and will exert influence on the post-war order in Syria and, in due course, also in Libya. The Russian military presence in Syria, in particular, serves as a hub for the projection of Russian power beyond Syria into the wider region. Instability in the Middle East and the terrorist threat emanating from the region will pose a challenge to Russia’s intemal security.
Iran: austerity measures, counterpressure, risk of confrontation with the USA Iran will not be able to avoid continuing to reduce subsidies in order to prevent a rise in the already high inflation rate. This will predominantly affect the low-in-come sections of the population and thus the regime’s political base. Thanks to its extensive security apparatus, however, the regime is likely to be able to keep social or political protest under control.
Iran will keep trying to counteract sanctions pressure by exerting counter-pressure.
In addition to a further gradual expansion of its nuclear activities, limited military actions carried out directly or indirectly by allied groups remain possible. Although the USA and Iran both want to avoid a major military conflict, there remains a con-siderable risk of a US military response to Iranian actions. The Covid-19 pandemic has drastically exacerbated the economic situation in Iran. However, even this devel-opment has not persuaded the Iranian leadership to make a pragmatic decision in favour of conducting fresh negotiations with the USA. It may be hoping that it will be able to do so with a new US president in the near future.

STRATEGIC ENVIRONMENT
SITUATION REPORT 2020 | FIS 29

STRATEGIC ENVIRONMENT
SITUATION REPORT 2020 | FIS 30 Turkey: aggressive pursuit of regional power The intemal political tensions in Turkey will persist, with the political balance of power being likely to shift further away from the President’s ruling party. The economic situation will remain fragile and will probably continue to deteriorate.
However, it is unlikely that overdue and effective structural reforms will be imple-mented.
As far as foreign policy is concemed, President Erdogan will continue to posi-tion Turkey as an actor with influence on numerous dossiers in the region and on migration policy. The agreement reached with Russia in autumn 2019 to establish a security zone in northem Syria is forcing Turkey into closer ties with Russia – ties which will probably lead to increasing tensions with the EU, the USA and NATO.
However, Turkey will not totally abandon its traditional partners and alliances. Pres-ident Erdogan will continue to adjust his relations with the EU, USA, Russia and the states in the Middle East tactically, in order to preserve Turkish independence as far as possible. Turkey will continue to intervene militarily in Syria and Iraq in order to curb what it sees as the main threat – ‘PKK terrorismʼ – and at the same time to repatriate millions of Syrian refugees during the coming years. It has also estab-lished itself as an actor in Libya, where, thanks to its intervention, the intemationally recognized govemment of Fayez al-Sarraj was able to repel the attack on Tripoli by Field Marshal Khalifa Hafta. Turkey’s interests in the Mediterranean are linked to this engagement, which increases tensions in the region and makes a possible confrontation with actors in the other camp, and especially with Egypt, more likely.
Turkey’s policies in the Mediterranean region are also putting additional strain on its relations with the EU and its NATO partners.

STRATEGIC ENVIRONMENT
SITUATION REPORT 2020 | FIS 31 Turkey’s ‘neo-Ottomanist’ foreign policy is having the effect of strengthening Syria’s ties to Russia and increasing friction between Turkey and its traditional partners in NATO and the EU.

SITUATION REPORT 2020 | FIS 33 Jihadist and ethno-nationalist terrorism

JIHADIST AND ETHNO-NATIONALIST TERRORISM
SITUATION REPORT 2020 | FIS 35 Jihadist terrorism remains centre stage The terrorist threat in Switzerland has been at a heightened level since November
2015. It still stems primarily from the ‘Islamic Stateʼ and its supporters and sympa-thisers. The threat posed by al-Qaeda persists. Ethno-nationalist terrorism remains relevant to the threat situation in Switzerland.
Islamic State 2.0 In March 2019, the ‘Islamic Stateʼ lost its last territory in Syria; the caliphate has disappeared from the map. Its leader, Abu Bakr al-Baghdadi, was killed at the end of
October 2019, without ithaving any significant impact on the terrorist organisation’s operational capabilities. Since then, however, further cadres and key figures have been eliminated or arrested, especially in Syria. The central command echelon is now heavily decimated, which represents a major setback for the core organisation.
One factor in the ‘Islamic Stateʼ’s success has always been its shrewd use of the intemet. Since November 2019, when Europol, in collaboration with online provid-ers, first deleted hundreds of jihadist channels, communication between supporters of the movement has been severely disrupted.
The ‘Islamic Stateʼ has been weakened, both as a worldwide jihadist movement and as a terrorist organisation centred in the Middle East. The global movement is continually being fragmented and decentralised. The core organisation in Syria and Iraq is geographically dispersed, operating from underground. Its cells lay ambushes or employ guerilla tactics. Their freedom of movement is restricted by their oppo-nents’ continuing relentless pursuit. Scarcely any communication or coordination by a central leadership is possible; the former central command seems to have largely been transferred to leaders of local groups. This fragmentation is reflected in the ‘Islamic Stateʼ’s propaganda and in the fate of its fighters, including jihad-motivated travellers; the ranks of the ‘Islamic Stateʼ in Syria and Iraq are now filled mainly by local fighters.
Up until 2017, the ‘Islamic Stateʼ had an organisational unit responsible for plan-ning and executing extemal terrorist operations. Another leading unit is assessed to have taken over this task in 2019. Europe is still among its targets for attack. Despite this, in 2019 and 2020 the ‘Islamic Stateʼ was unable to claim direct control over a single attack in Europe. Attacks in Europe, whether actually carried out or thwarted, rarely ever had a direct connection to the core organisation but were attributed to jihadist-inspired lone perpetrators or small groups. Calls in the ‘Islamic Stateʼ’s propaganda to avenge the killing of the Caliph, attack Jewish targets or exploit the What does the FIS see?

JIHADIST AND ETHNO-NATIONALIST TERRORISM
SITUATION REPORT 2020 | FIS 36 Covid-19 crisis for terrorist attacks have so far been left unanswered in Westem countries. It is therefore likely that the current ability of the terrorist organisation to plan and carry out extemal operations is limited. In principle, however, the motiva-tion to carry out such attacks likely persists.
The core organisation of the ‘Islamic Stateʼ has considerable resources in terms of personnel and finances. It has been preparing for the prospect of defeat for a long time: cadres and financial resources have been moved to safe places. In Syria and Iraq it is now an underground organisation which, though fragmented, has intact structures at the regional level. It has carried out thousands of attacks in Syria and Iraq since the fall of the caliphate.
Despite the limitations referred to above, the core organisation entertains extensive transnational networks. Turkey plays a key role in this context as a transit area and safe haven. This assessment is corroborated by the fact that adherents of the ‘Islamic Stateʼ have been captured or killed in areas close to the Turkish border on numer-ous occasions. In 2019, the Turkish Minister of the Interior publicly confirmed the increasing presence and heightened activity of jihadists in Turkey. In the same year, A comparison of the two propaganda campaigns shows the growing regional fragmentation of the ‘Islamic State’

JIHADIST AND ETHNO-NATIONALIST TERRORISM
SITUATION REPORT 2020 | FIS 37 the ‘Islamic Stateʼ declared Turkey one of its provinces. Further so-called provinces and ‘Islamic Stateʼ affiliates (groups in West Africa for example) have significantly increased in strength. One example of an emerging province is the ‘Islamic State in the Greater Saharaʼ. It has expanded its area of influence to include Mali, Niger and Burkina Faso and has strengthened its operational capabilities in the region in 2019.
However, this region is dominated by groups with close links to al-Qaeda. Clashes with these groups are undermining the ability of the ‘Islamic Stateʼ’s provinces to gain strength. ‘Islamic State in the Greater Saharaʼ maintains relations with the ‘Islamic Stateʼ’s West Africa Province. However, the two groups remain independent of one another. ‘Islamic State in the Greater Saharaʼ mainly attacks local targets, but also intemational security forces and humanitarian personnel. It also attempts to attack Westem targets in the region and has been responsible for the abduction of nationals of Westem states.
Latent threat from al-Qaeda Al-Qaeda consists of its leadership council, core al-Qaeda, and regional affiliates.
Despite heavy pressure, the movement is proving extremely resilient overall. Thus far, however, al-Qaeda has not succeeded in regaining the leadership role in the global jihadist movement. In order to carry out attacks, the weakened core al-Qa-eda relies on its affiliates, who vary in strength and capabilities. While al-Qaeda in the Indian Subcontinent has no capabilities to speak of in the Afghanistan/Pakistan/ Kashmir region, al-Shabaab in Somalia and the Group to Support Islam and Muslims in Mali and Burkina Faso have greater operational capabilities and present a threat to Westem interests in their areas of operation. The leaders of the regional affiliates constantly proclaim their willingness to carry out attacks on al-Qaeda’s declared intemational enemies, but their groups are not really in a position to conduct actions outside their actual areas of operation. The sole exception was the firearm attack in
December 2019 on a US military base in Florida, which was linked to al-Qaeda in the Arabian Peninsula in Yemen. Al-Qaeda no longer has an official affiliate in Syria.
However, the rebels who are still fighting against the Syrian regime include various groups close to al-Qaeda, with several hundred foreign al-Qaeda supporters from the Arab world, Asia and Europe fighting in their ranks. If these groups lose their territory to the Syrian regime, it is likely that these al-Qaeda supporters will disperse to other countries.

JIHADIST AND ETHNO-NATIONALIST TERRORISM
SITUATION REPORT 2020 | FIS 38 Attacks in Europe The frequency of jihad-motivated terrorist attacks in Europe decreased steadily until 2019. In contrast, the first half of 2020 has already seen more acts of violence than the year 2019, with the majority of them being attacks carried out by lone per-petrators with knives. The recent homicide in Morges, VD on September 12th 2020 presumably fits this pattem. It would be the first terrorist attack in Switzerland since
2011 (Swissnuclear in Olten SO, for reference see ‘Sicherheit Schweizʼ 2013, pages 36-37) and the first jihad-motivated terrorist attack on Swiss soil.
The low number of successful attacks should be viewed in the context of several arrests of terrorism suspects in Europe, for example in December 2019 in Denmark, in January 2020 in France and in April 2020 in Germany and Spain. A low number of jihad-motivated terrorist attacks does in itself not mean that the threat has dimin-ished. This is rather due to the increasing efficiency of the security forces.
Release from prison of radicalised individuals The question of how to deal with radicalised ex-prisoners preoccupies European authorities. Released prisoners have served their sentences, but may nonetheless still support jihadist ideas. Given the opportunity, the associated propensity to use violence may lead them to commit terrorist acts. European prisons still contain hun-dreds of jihadists, as well as individuals who have been radicalised in prison. Swit-zerland, too, occasionally faces the issue of radicalised ex-prisoners.
Threat to minorities in the European context Over the last few years, terrorist attacks in Europe on Jewish and recently also on Muslim communities have shown that minorities may become the target of terrorist attacks. Hostility towards Israel and Jews is a key element of the jihadist ideology on which the ‘Islamic Stateʼ and al-Qaeda are both based. The Lebanese Hezbollah also poses a threat in this regard. To date, the FIS sees no significant change in the threat to minorities in Switzerland. Meanwhile, terrorist attacks on minorities by lone per-petrators are a realistic scenario; with individuals motivated by right-wing extremist ideas being among the potential perpetrators (see pages 58–59).
Jihadist travellers and retumees The last case of jihad-motivated travel from Switzerland was recorded in 2017.
There is currently no sign of a new theatre as a possible altemative to Syria or Iraq.
Furthermore, no jihad-motivated travellers have retumed from Syria or Iraq to Swit-JIHADIST AND ETHNO-NATIONALIST TERRORISM
SITUATION REPORT 2020 | FIS 39 Jihad-motivated terrorist attacks in Europe (Schengen area) since 2015 (in brackets: number of attacks)

JIHADIST AND ETHNO-NATIONALIST TERRORISM
SITUATION REPORT 2020 | FIS 40 zerland since 2016. The 16 individuals who had previously retumed to Switzerland from the area of conflict in Syria and Iraq are, with a few exceptions, keeping a low profile.
PKK With Turkey’s offensive at the end of 2019, the Syrian faction of the PKK, the People’s Protection Units (YPG), lost part of its de facto autonomously administered area east of the Euphrates. The USA’s partial withdrawal had made the offensive possible; however, Turkey had already driven the PKK out of north-west Syria in
2018. The Turkish army is also conducting ongoing operations against the PKK in Turkey and in northem Iraq.
In Europe, the PKK is acting pragmatically, despite the tense situation. Keep-ing in mind its demand for the PKK to be removed from the EU list of terrorist organisations, it is abiding by its renunciation of violence. There have been only iso-lated instances of confrontations between Kurdish demonstrators and law enforce-ment agencies in Europe. Damage to property has mainly been caused by left-wing extremists. In Switzerland, too, the PKK leadership is enforcing the ban on violence it has decreed. Yet in contrast, the PKK has stepped up its annual fundraising cam-paign and has increased recruitment in Europe.

JIHADIST AND ETHNO-NATIONALIST TERRORISM
SITUATION REPORT 2020 | FIS 41 Regional growth in power of the ‘Islamic State’ The pressure of persecution, the impact of the pandemic and the state of the core organisation of the ‘Islamic Stateʼ are key to the way the situation will unfold.
According to the assessment of the FIS, a significant increase in power and greater room for manoeuvre without the conquering of new territories is the most likely scenario for the future of the ‘Islamic Stateʼ, particularly in Iraq. The core organi-sation will benefit from a let-up in pressure by its pursuers and from the impacts of the pandemic but will concentrate on its regional adversaries, in the same way as the regional ‘Islamic Stateʼ groups, for example those in West Africa, are focussing on regional agendas. Consequently, the threat in Europe stems from activities that are not organised by the core organisation of the ‘Islamic Stateʼ itself. Against this backdrop, the status quo seems like an optimistic scenario for the world. However, there are also more pessimistic scenarios, if the pandemic weakens public order in areas where the ‘Islamic Stateʼ has a significant presence and poverty and social tensions drive people into the arms of the terrorist organisation or captured fighters are able to escape intemment in droves. Gaining this kind of room for manoeuvre could also lead to the organisation in Iraq or other ‘Islamic Stateʼ regional groups What does the FIS expect?

JIHADIST AND ETHNO-NATIONALIST TERRORISM
SITUATION REPORT 2020 | FIS 42 regaining vital capabilities for extemal operations. Finally, occasional high-profile terrorist attacks might inspire copycat attacks worldwide.
Threat from jihad retumees The issue of whether, how and when jihad-motivated travellers retum from Syria to Switzerland remains dependent on the situation on the ground as well as the repa-triation policies and agendas of other states and political actors. As there are only a few jihad-motivated travellers with Swiss nationality in Syria, Switzerland will only have a small number of retuming jihadists travellers to deal with. Deradicalisation and reintegration into Swiss society could be a lengthy process and may, in some cases, even be futile. Retumees might remain faithful to their jihadist ideology, radi-calise their environment and plan, organise or carry out terrorist attacks. In addition, some may have gained combat experience and specific skills they could use to carry out terrorist activities. The long-term risk of individuals who have retumed from jihad crossing state borders and networking with others is not to be ignored. Swit-zerland’s security interests might consequently also be affected by retuming jihadists travellers from other European states.
Jihad-motivated travellers

JIHADIST AND ETHNO-NATIONALIST TERRORISM
SITUATION REPORT 2020 | FIS 43 The challenge of radicalised ex-prisoners Dealing with radicalised ex-prisoners remains a challenge. The situation in France, for example, gives cause for concem, as does that in the Westem Balkans, where many jihadists will be released from prison in the years to come. The fact that poor prison conditions may further contribute to the phenomenon of radicalisation should not be underestimated. The stigma of being an ex-convict is likely to make reintegration into society even more difficult. As the knife attacks in London on 29 November 2019 and
2 February 2020 illustrate, the potential for violence among radicalised ex-prisoners is to be taken seriously. Once they have served their sentences, radicalised ex-prison-ers cannot – even in Switzerland – be monitored around the clock. Furthermore, it is sometimes impossible to execute a deportation order, even when it is legally binding.
Jihadist propaganda continues The ‘Islamic Stateʼ in particular, will continue to use online propaganda to influ-ence its sympathisers, despite countermeasures by the authorities and private intemet companies making it more difficult. However, the success of its propaganda mainly feeds off of the visible success of the organisation – the more successful the ‘Islamic Stateʼ is, the more impact its propaganda will have. One cause for concem will be the increasing exchange of knowledge on the intemet, for example in the form of instructions for carrying out terrorist acts. In Switzerland, intemet users will continue to exchange jihadist ideas predominantly via forms of encrypted social media, such as Telegram.
Switzerland as a possible target for attacks As Switzerland is part of the Westem world, judged by jihadists to be Islamopho-bic, they still view it as a legitimate target. However, their focus is on those states playing a prominent role in fighting jihadist groups intemationally. The interests of these states may also be attacked on Swiss territory. The threat to the Jewish community remains heavily dependent on geopolitical developments, in particular on the conflicts between Hezbollah and Israel and between Iran and Israel. It is possible that violence will be used against the Muslim community or its places of prayer. Media reports critical of Muslims, attacks on Muslim targets or discrimina-tion against Muslims may also have a mobilising effect among Islamists. Depend-ing on the unfolding of events, jihadist networks might suddenly adjust their focus to target Switzerland. Both the Jewish and the Muslim communities are exposed to additional risks – see ‘Violent right-wing and left-wing extremismʼ.

JIHADIST AND ETHNO-NATIONALIST TERRORISM
SITUATION REPORT 2020 | FIS 44 Swiss interests abroad may also continue to be affected by terrorist acts of vio-lence. For example, Swiss nationals may be affected by terrorist acts abroad or become victims of kidnappings.
Jihadist threat to Switzerland remains elevated In view of the developments described above, the terrorist threat to Switzerland remains elevated. Attacks are to be expected. There is a diverse range of possible scenarios as the jihadist terrorist threat is becoming increasingly diffuse. In Swit-zerland, attacks on soft targets (such as transport facilities or gatherings of peo-ple), involving little organisational or logistical outlay, remain the most likely threat.
Such attacks are most likely to be carried out by lone perpetrators or small groups.
Increasingly, these include perpetrators whose radicalisation and violent tendencies are rooted more in personal crises or psychological problems than in ideological conviction. The frequency of such acts of violence, which have only a marginal link to jihadist ideology or groups, will in general remain the same or possibly even increase. The early identification of individuals who are planning or are at the point of perpetrating a terrorist attack without having any links, or only marginal ones, to local Islamist groups poses a particular challenge. Lone perpetrators who plan or perpetrate a terrorist attack spontaneously or with minimal logistical resources pose a further challenge for the security authorities.
PKK will continue with its present strategy It is likely that the permanently weakened PKK currently lacks the funds for ter-rorist attacks in Turkey, in particular. However, PKK attacks on military and police targets in the region are expected to continue. For image reasons, its leaders will continue to try to avoid civilian casualties and may seek to blame other groups for any that do occur. Although Westem tourists in Turkey are not the target of PKK attacks, they could become victims. Kurds travelling to Turkey risk sanctions by the Turkish state.
The PKK’s strategy of renouncing violence in Europe is unable to prevent individ-ual actions or sporadic rioting triggered for example by provocation. Here in Swit-zerland, as elsewhere, potential PKK targets include Turkish mosques, associations, residences and business establishments, as well as protected diplomatic missions. In Europe, the PKK will continue to conduct (as far as possible non-violent) demon-strations and will press ahead with their fundraising and recruitment efforts.

JIHADIST AND ETHNO-NATIONALIST TERRORISM
SITUATION REPORT 2020 | FIS 45 In the majority of cases, left-wing extremists are responsible for Rojava-related violence.
A claim of responsibility for this arson attack was published on the website of Revolutionärer Aufbau.
Bem, September 2019

JIHADIST AND ETHNO-NATIONALIST TERRORISM
SITUATION REPORT 2020 | FIS 46 Uncertain future of imprisoned ‘Islamic State’ fighters Thousands of former ‘Islamic State’ fighters, some of them together with their dependants, are currently in Kurdish or Iraqi custody. It is assessed that in Syria alone, over 10,000 ‘Islamic State’ fighters have been arrested. They represent a source of risk and their future remains uncertain. The unstable situation in the Kurdish-administered areas of Syria and in Iraq are an unfavourable environment for dealing with these prisoners, be it bylocal authorities or by the foreign prison-ers’ home countries. The political and military pressure on the Kurds in northeast-em Syria will not abate. War-damaged Iraq will be shaken by domestic political crises and outbreaks of violence. The situation regarding the prisons and camps in which ‘Islamic State’ fighters and their family members are held is unstable. In
2019 there were repeated escapes, releases and revolts involving imprisoned ‘Islamic State’ fighters or their family members. In addition, the ‘Islamic State’ remains determined to free its members, supporters and their family members.
Eventually, many of them will probably rejoin the jihadist movement they previ-ously belonged to, whether due to a lack of other prospects, failed reintegration or because of further radicalisation during their time in prison under often very difficult conditions.
North-eastem Syria: prisons and camps housing ‘Islamic State’ fighters and supporters as well as their family members.

JIHADIST AND ETHNO-NATIONALIST TERRORISM
SITUATION REPORT 2020 | FIS 47 All of this also affects several hundred adults from European countries who – often together with children and relatives – are located in Syrian and Iraqi prisons or camps. These include a few individuals with Swiss citizenship. The issue of poten-tial future retumees from detention in Syria and Iraq has become the focus of political attention Europe-wide. On 8 March 2019, the Federal Council set Switzer-land’s targets and strategy for dealing with terrorism-motivated travellers. A key element of this is preventing the uncontrolled retum of such persons to Switzer-land. Another part of the strategy is the principle of not actively supporting the retum of jihad-motivated travellers.

SITUATION REPORT 2020 | FIS 49 Violent right-wing and left-wing extremism

VIOLENT RIGHT-WING AND LEFT-WING EXTREMISM
SITUATION REPORT 2020 | FIS 51 Incidents and potential for violence
In 2019, there were 29 incidents connected to violent right-wing extremism and
207 incidents connected to violent left-wing extremism of which the FIS is aware.
As far as right-wing extremism is concemed, this means that the numbers have almost halved compared to 2018, while the number of incidents relating to left-wing extremism is just below the previous year’s level. As in the preceding years, scarcely any acts of violence motivated by right-wing extremism were recorded; in the case of left-wing extremism, the proportion of incidents linked to violence rose from just above a third to over half of the total. The potential for violence in these circles remains unchanged.
The range of intensity of left-wing extremist violence still extends to arson attacks and the use of improvised explosive devices (IEDs). During confrontations between left-wing extremists and security forces (e.g. at demonstrations), causing injury to or endangering the lives of, in particular, members of the security forces or members of other emergency services is not only viewed as acceptable by violent-left-wing extremists but is, in isolated cases, the clear objective.
Events motivated by left-or right-wing extremism reported to the FIS since 2013 (excluding graffiti) What does the FIS see?

VIOLENT RIGHT-WING AND LEFT-WING EXTREMISM
SITUATION REPORT 2020 | FIS 52 The only instances of the use of violence by right-wing extremists were recorded in westem Switzerland in the context of brawls with left-wing extremists. However, the mutually hostile stance of the two groups remains evident throughout Switzer-land. Left-wing extremist circles in particular are quick to respond in the name of ‘antifascismʼ whenever they see any sign of right-wing extremist activity. In some places, left-wing extremists and right-wing extremists are seen to provoke each other. Where violence is used, it is currently usually instigated by the left-wing extremists.
Both groups maintain contacts abroad – the physical restrictions imposed by the pandemic measures have done nothing to change this or have caused only a tempo-rary partial interruption. During 2019, violent right-wing extremists from Switzer-land have attended concerts and events all over Europe. The two major intemational skinhead organisations Blood and Honour and Hammerskins are particularly active in enabling, facilitating and strengthening not only contacts between individuals but also broader collaboration. For example, three right-wing extremist groups disbanded in France at the beginning of 2019 had maintained regular contact with Swiss right-wing extremists. The disbanding of the groups did not, however, lead to any relocation of activities to Switzerland. It has not been observed that citizens of neighbouring states who are residents in Switzerland systematically use Switzer-land as an altemative location for conducting activities they can no longer pursue abroad. One organisation that is to be mentioned on the side of left-wing extremism is Secours Rouge Intemational, in which Revolutionärer Aufbau Schweiz (RAS) still plays a defining role. The main concem is solidarity with Turkish left-wing extremist groups and with the PKK, because left-wing extremists have focussed much of their attention on the Kurds’ autonomously administered areas in Syria. Violent left-wing extremists from many European states, including Switzerland, have personally vis-ited these areas in recent years.
Violent right-wing extremism The situation with regard to right-wing extremism in Switzerland has become hazier since last year’s situation report, but the movement has by no means broken up altogether. Rather, the expectation expressed in our report about violent right-wing extremism in Switzerland withdrawing into the shadows again, has been confirmed.
Nonetheless, the activities that dominated the picture last year are continuing.
Individual groups in French-speaking Switzerland organise themed events or emerge

VIOLENT RIGHT-WING AND LEFT-WING EXTREMISM
SITUATION REPORT 2020 | FIS 53 to stage brief campaigns. As in the rest of Switzerland, actions aimed at provoking a public response are rare. For some time, right-wing extremist events have increas-ingly been taking place at the groups’ own premises or at (preferably secluded) ven-ues owned by group members or persons known to the right-wing extremists.
However, the way events are organised can vary greatly from place to place, depending on how the violent right-wing extremists assess their chances of remaining undetected or undisturbed. The issues preoccupying the right-wing extremist scene are diverse – for example, evenings may be spent listening to a talk on the decline of the West or on the dominance of left-wing thinking; historical events in Switzerland are commemorated (well away from official celebrations), and pagan customs such as midsummer celebrations are also kept up. Events such as the Covid-19 pandemic or conspiracy theories as an explanatory model fit comfortably into the already dif-fuse conceptual world of right-wing extremism, but they have thus far had scarcely any additional mobilizing effect in Switzerland.
Concerts involving foreign bands from the right-wing scene linked to violence can largely be prevented by imposing entry bans. Training in martial arts, together with information on caches of functioning weapons, including firearms with signifi-cant quantities of ammunition, is of greater importance, due to its potential connec-tion with the use of violence.
Right-wing extremist provocation: a video circulated on social media showing the buming of a banner from an anti-racism demonstration in Schwyz in April 2019

VIOLENT RIGHT-WING AND LEFT-WING EXTREMISM
SITUATION REPORT 2020 | FIS 54 Violent left-wing extremism Violent left-wing extremists have many issues on their agenda. They believe that the prevailing conditions everywhere are open to criticism. However, they also set priorities, for example by combining their protests to form campaigns. In each case, they publicly identify the prime targets they wish to attack and set themselves spe-cific objectives Their actions are intended not so much as a symbolic expression of protest but as a way of achieving a direct impact. Two violent left-wing extrem-ist campaigns, one against state repression and the other against the ‘machinery of deportationʼ, have been running for years. The campaign against state repression is aimed particularly at preventing construction of both the Bässlergut Prison in Basel and the Police and Justice Centre in Zurich. Arson attacks have been carried out as part of both campaigns, and in the case of the anti-repression campaign, an attack with an IED was also recorded. Further, an attempted attack with an IED was carried out in connection with the issue of greatest importance to violent left-wing extremist groups at the moment: The Kurdish autonomously administered areas (Rojava) and solidarity with the Kurds. In addition to a large number of violent actions, such as paint attacks, arson attacks were also carried out in this context. These were primar-Arson attacks carried out as part of the anti-repression campaign since 2017

VIOLENT RIGHT-WING AND LEFT-WING EXTREMISM
SITUATION REPORT 2020 | FIS 55 ily a response to Turkey’s invasion of northem Syria. In connection with this, left-wing extremists also launched a campaign against companies that are, in their eyes, supporting Turkey’s war against the Kurds.
Campaigns set aside, the scene responds to issues as they arise, for example by attempting to exploit an event for their own purposes. Other dates and events are treated as a regular part of their agenda. An example of the exploit of an event is provided by the way in which they approached the women’s strike day in mid-June
2019. Particularly in the months leading up to the women’s strike day, left-wing extremists, including some prepared to use violence, took up the issue of the position of women in society, engaging in actions and protests, involving violence in some instances. The issue has now established itself as an important item on the left-wing agenda, and after the lockdown, it soon re-emerged on the streets. At the same time, Switzerland saw its first Black Lives Matter demonstrations, whose themes of rac-ism and police brutality / repression are nominally two of the core motivations of left-wing extremists. In fact, Zurich left-wing extremists managed to take charge at the first such demonstration in Zurich – but failed to do so at the second. In both cases, they behaved extremely aggressively and violently, especially towards secu-rity officials. At the second demonstration, other participants stood in front of the police to protect them.
The two most high-profile items on the left-wing extremist agenda are Labour Day and the annual meeting of the World Economic Forum (WEF) in Davos. The authorities therefore have to take preventive and security measures to prevent left-wing extremist groups engaging in excessive violence. Violent follow-up demon-strations on Labour Day are regularly prevented this way. While WEF 2020 passed off largely peacefully, violent left-wing extremists caused damage to property total-ling in almost 200,000 francs, carried out an IED attack and, at an authorised demon-stration in Zurich, injured a policeman and a woman who was passing by.

VIOLENT RIGHT-WING AND LEFT-WING EXTREMISM
SITUATION REPORT 2020 | FIS 56 Violent right-wing extremism The media, the authorities and left-wing extremists continue to devote atten-tion to right-wing extremists and their activities. For right-wing extremists, being identified, being described as such or being linked to an incident motivated by right-wing extremism means faceing personal consequences. This is probably still a factor motivating many members of right-wing extremist groups to keep a low profile. It is likely that right-wing extremist groups will continue to behave con-spiratorially.
Despite their potential for violence, right-wing extremist groups in Switzerland are not currently showing any tendency toward an increasing use of violence, let alone terrorist activities. This is a major difference from developments in other states, most notably Germany, despite the manyfold links that exist with that country. In Germany, lone perpetrators inspired by right-wing extremist ideology have carried out terrorist attacks on several occasions. The targets were minorities (see pages 58–59). Such attacks are also possible in Switzerland. The FIS considers the threat from lone perpetrators acting outside the known right-wing extremist structures, but possibly having intemational links to some degree through social media, to be greater than that posed by groups. Any such attacks would be likely to involve little in the way of logistical outlay.
Developments in other states may influence the right-wing extremist scene in Switzerland. It is to be expected that new phenomena such as the siege ideology or loosely organized groups such as the Atomwaffen Division or the Feuerkrieg Division will also increasingly appear in Switzerland. Right-wing extremists cur-rently have no pressing current concems and no overall strategy. They will proba-bly continue to show restraint regarding the use of violence unless, for example, a significant increase in the numbers of asylum seekers or a jihad-motivated attack acts as a trigger. At least at the local level, right-wing extremists might respond to the actions of anti-fascists on a more significant scale or possibly even start taking action themselves. However, any such actions are likely to be spontaneous, with little specific preparation.
Violent left-wing extremism Violent left-wing extremists are unlikely to change their approach. They are always on the lookout for larger movements whose issues and protests they can exploit for their own ends, Yet their attempts to do so, either with the gilets jaunes or the climate movement, or, as described above, with the ‘Black Lives Matter move-What does the FIS expect?

VIOLENT RIGHT-WING AND LEFT-WING EXTREMISM
SITUATION REPORT 2020 | FIS 57 mentʼ have not been successful. They will therefore probably continue with their ongoing campaigns and not focus on any new priority areas – unless such an oppor-tunity presents itself.
One of the basic features of the left-wing extremist scene is that it is not mono-lithic. Communists and anarchists each see the future differently; not everyone is mobilised by all the issues. As far as violence is concemed, attitudes range from a willingness to condone its use by others on occasion, to using violence oneself.
The violence used ranges from damaging property to carrying out arson attacks or causing serious injury or death. Firearms will probably also not be used in the future but are present at least in isolated cases. The potential for violence is increased by: ▪▪Gatherings of people: These offer violent left-wing extremists the opportunity to commit violence from within the safety of the crowd. In general, the potential for aggression against security forces remains particularly high. This type of violent action is well known. ▪▪Campaigns: Campaigns lead to higher levels of activity. Violence is targeted and is sometimes used not only as a symbolic protest or to cause damage, but also for sabotage purposes. ▪▪Anarchism: Anarchists are more violent in their actions than Marxist-Lenin-ist-leaning left-wing extremists, but are significantly less organised.
Broader movements, such as the climate movement and Black Lives Matter activists will distance themselves from violent actors – although left-wing extremists have taken up the issues of environmental degradation as well as racism and police vio-lence. It remains to be observed whether and, if so, how the improved networking between violent left-wing extremists stemming from their time in the war zone in Syria will have an impact in terms of a joint fight against the ‘systemʼ in Europe.

VIOLENT RIGHT-WING AND LEFT-WING EXTREMISM
SITUATION REPORT 2020 | FIS 58 Minorities with special protection needs A minority in Switzerland is deemed to have a special protection need if it is exposed to a threat of attacks linked to terrorism or violent extremism going beyond the threat facing the rest of the population. Under the Swiss Ordinance on Measures to Support the Security of Minorities with Special Protection Needs [Ver-ordnung über Massnahmen zur Unterstützung der Sicherheit von Minderheiten mit besonderen Schutzbedürfnissen] (VSMS), it is the task of the FIS to assess this threat in consultation with the relevant cantonal and municipal security authorities.
The VSMS govems the awarding of federal grants to organisations that implement measures to protect minorities in Switzerland from terrorist or violent extremist attacks. Responsibility for the implementation of the VSMS lies with the Federal Office of Police.
Of the minorities in Switzerland defined by a shared way of life, culture, religion, traditions, language or sexual orientation, currently particularly the Jewish and the Muslim communities are in need of special protection. The increased threat to the general public comes from three sources: Sunni jihadism, various Shnte actors and right-wing extremism.

VIOLENT RIGHT-WING AND LEFT-WING EXTREMISM
SITUATION REPORT 2020 | FIS 59 Right-wing extremist acts of violence against minorities Right-wing extremists object to the presence of political, religious and sexual minorities; attacks motivated by right-wing extremist ideas in Europe, the USA and New Zealand are evidence of the increased threat to the Jewish and Muslim communities. Around the world, several terrorist attacks motivated by right-wing extremism were perpetrated against minorities in 2019, including: ▪▪Christchurch (New Zealand), 15 March 2019 – an Australian citizen attacked two mosques, killing more than 50 people and injuring a similarly high number. His crime exhibits parallels to Anders Breivik’s attack in 2011 in Norway, and the per-petrator also made references to the right-wing extremist White Power Move-ment. He had previously travelled around Europe and elsewhere. ▪▪Poway (Califomia, USA), 27 April 2019 – an American citizen killed one person and injured several more in a synagogue. He referenced the Christchurch perpe-trator, among others. ▪▪Baerum (Norway), 10 August 2019 – an armed Norwegian citizen was arrested after he had forced his way into a mosque. He had previously killed his half-sister. ▪▪Halle (Germany), 9 October 2019 – after a German citizen had failed to enter a synagogue, he killed two people in its vicinity.
Besides the fact that the attacks targeted minorities, they have a number of other features in common. For example, they are all the work of so-called lone per-petrators, although links – particularly on the intemet – to the right-wing extremist milieu or at least to right-wing extremist ideas have been identified. Several per-petrators have made reference to perpetrators of previous attacks. Attacks may induce radicalised and/or psychologically unstable individuals to commit the same type of crime themselves.

SITUATION REPORT 2020 | FIS 61 Proliferation
SITUATION REPORT 2020 | FIS 63 Weapons of mass destruction as a means of deterrence Weapons of mass destruction retain a high level of appeal. For a regional power like North Korea, in particular, the capability to threaten even the core area of a superior power in a regional conflict is of vital importance. This limits an opponent’s ability to intervene and makes it possible to guarantee the survival of one’s own regime. From the point of view of a great power, against a conventionally inferior opponent with nuclear weapons a stalemate is the most sensible outcome and there-fore the one to aim for.
In 2019, events in the Persian Gulf demonstrated a potentially escalating situ-ation in which weapons of mass destruction or asymmetric means could serve as reinsurance: In its conflict with the Gulf monarchies, Iran took an enormous risk when it began to use military means to attack the economic lifeline of its adversaries.
A regional power with a genuine strategic deterrent could take this kind of risk even more easily and sooner.
The weapons used in the attack on the Saudi oil facilities can be manufactured using commercially available civilian goods. This is another example of the direc-tion in which the dual-use issue has moved in recent years. Previously, in many areas military requirements were the driver of developments that were subsequently also used in civilian products. Now the civilian sphere is more important, and the military adapts new technology from the civilian sphere for its own purposes. States like China understand the significance of the greater dynamism in the civilian sector for the development of their armed forces and deliberately create channels for the transfer of technology to their armed forces. Swiss industry must be aware of this when entering into cooperative ventures.
Switzerland as a target of proliferating states Switzerland is innovative; its industry and universities enjoy an excellent repu-tation. But this also makes it a prime target for proliferating states. This dynamic is reinforced in the competition between the major powers and in the development of new weapons systems. The areas of proliferation, illegal intelligence and cyber overlap once again in this regard, as they serve the same purposes.
Proliferation as a long-term phenomenon Proliferation is a long-term phenomenon As mentioned above, in many areas the development of civilian technology now also dominates progress in the mili-tary sphere. This leads to intervention by other states in Switzerland’s economic What does the FIS see?

PROLIFERATION
SITUATION REPORT 2020 | FIS 64
08.07.2020 (WorldView3)
29.06.2020 (WorldView3)
On 2 July 2020, a building at the Iranian nuclear enrichment facility in Natanz was almost completely destroyed. Iran has announced its intention to replace the assembly hall – this effort might lead to proliferation-sensitive activities in Switzerland development. These states are seeking access to holders of key technologies which are also in the broadest sense used for military purposes, in that they can be used, for example, to reduce dependency on rival states and thus to increase a country’s own ability to wage conflict if necessary. Frequently, these technology holders are among the companies on which Switzerland’s long-term economic success depends.

PROLIFERATION
SITUATION REPORT 2020 | FIS 65 Continuation of well-known conflicts Two well-known nonproliferation conflicts will gain fresh momentum. North Korea is putting an end to its phase of ‘strategic patienceʼ with the USA and will revert to more provocative behaviour if the USA does not offer it an attractive ‘dealʼ.
Even under such an agreement, however, it is unlikely that North Korea will disarm permanently. In negotiations, the country will continue to stick to its tactic, which has been successful for decades, of offering to take measures which are highly visi-ble but also reversible at any time and which never endanger its core strategic capa-bilities in the area of nuclear weapons and missile armaments.
As long as current US policies are maintained, the ongoing dismantling of the nuclear agreement with Iran will continue. Iran’s recent steps to undo the key suc-cesses of the agreement – such as the civilianisation of the Fordo uranium enrich-ment plant, which is now being reversed – are likely to continue and are bound to lead to a reaction from the counterparties. If the current course is maintained, the nuclear agreement will come to an end – de facto or formally – in 2020 or 2021.
As a rule, proliferation is not an independent driver of security policy, but rather a consequence of higher-level developments. In this context, the situation in South Asia should be mentioned. India’s and Pakistan’s mature nuclear weapons programmes will continue to make slow but steady technological progress. However, the outlook in the bilateral relationship between the two nuclear powers is somewhat negative, especially in the light of domestic developments in India.
New weapons systems In addition to the traditional problem areas, the competition between the great powers USA, China and Russia will regain relevance and shape proliferation issues in the coming years. These powers are developing new weapons systems such as hypersonic weapons, which may have a destabilising effect on the strategic balance.
Switzerland’s universities – as well as its industry – possess fundamental expertise, for example in the field of materials science, that is important for the development and construction of such weapons systems.
Disintegration of strategic arms control At the same time, strategic arms control continues to show signs of disintegration.
Following the termination of the Intermediate Range Nuclear Forces Treaty (INF Treaty) between the USA and the Soviet Union (and its legal successors), which defined the limits for their intermediate-range systems from 1987 to 2019, New What does the FIS expect?

PROLIFERATION
SITUATION REPORT 2020 | FIS 66 START, the treaty to control strategic nuclear forces, is now also hanging in the balance. An agreement between the USA and Russia on an extension of this treaty, which expires in February 2021, is still not in sight. Moreover, the USA’s official announcement on 22 May 2020 that it was pulling out of the Open Skies Treaty weakened another component of the disintegrating arms control regime in the OSCE area. This will not only reduce military transparency in the increasingly confronta-tional relationship between Russia and NATO, but will also, as outlined in the ‘Stra-tegic environmentʼ section, put a strain on transatlantic relations.
Even if efforts to rescue New START are successful, the higher-level problems will remain. Strategic arms control needs to find ways firstly of tying China into the system and secondly of shifting control away from delivery systems and towards the actual nuclear weapons themselves. Even in the best-case scenario, this process will take years. The coming years may thus see a lack of effective instruments of strategic arms control. Despite this absence, it is not anticipated that there will be an uncon-trolled nuclear arms race between the USA and Russia. The quality of arsenals will change, but they will not increase massively in numbers, since there is no discemible military necessity for quantitative growth.

PROLIFERATION
SITUATION REPORT 2020 | FIS 67 One world – two systems Today, the aim of the nonproliferation regime shaped by the USA and its instru-ments is to selectively deny rivals access to strategic capabilities. Weapons of mass destruction typically have such capabilities, but the conventional weapons sector also includes disruptive tools such as satellite networks for global surveillance or global positioning.
The conventional sector is largely regulated by the Wassenaar Arrangement. This was established in 1996 as a successor to CoCom, the committee for coordinating East-West trade. The latter’s objective had been broader, since it was intended to cut the Soviet Union and the states controlled by it off from advanced Westem technology, in order to prevent the development of the socialist model. Although Switzerland, being neutral but structurally dependent on the Westem bloc, was not a member of CoCom, it implemented the latter’s decisions under a bilateral agreement with the USA. In recent years, developments have been observed which, to a certain extent, represent a retum to the core ideas of CoCom. For example, goods for intemet surveillance are now also controlled: these controls are based not on the norms of intemational law, but on social values. The other export con-trol regimes also bear the stamp of a cultural confrontation between systems, for example the Nuclear Suppliers Group (1974), the Australia Group (1985) and the Missile Technology Control Regime (1987), which were originally directed against regional powers such as India, Iraq and Iran.
Technology control also always involves an element of weakness: the admission that you do not dominate innovation cycles. If superior capabilities or technically perfect protection against nuclear weapons existed, neither the nuclear non-proliferation treaty nor the Nuclear Suppliers Group would be necessary. This weak-ness is central to the USA’s current policy towards China: it leads to recourse to other instruments of power such as economic sanctions.
In his day, Lenin recognized early on that steel and electricity were essential in order to build an industrialized nation. Unlike China under Deng Xiaoping, how-ever, the Russian rulers came far too late to the realisation that it was necessary to create favourable conditions for innovation, market forces and new means of production. The same Swiss machine tool manufacturers which entered the Rus-sian market a hundred years ago are today still supplying Russia with goods that it is unable to produce itself. For Japan, another country shaped by its own distinct culture but open to innovation, this no longer the case, and becoming less so for China, with its global presence. Totalitarian China has understood how to incor-porate controlled liberal and market-economic elements efficiently into its state structure.

PROLIFERATION
SITUATION REPORT 2020 | FIS 68 This development has led to China now forming a new centre of gravity, in whose orbit innovation and new technologies emerge and whose intemal market is sufficiently strong to sustain this capability in the long term. New technologies such as artificial intelligence and targeted interventions in the human genome mean that the technology leader sets the standards for the way in which tech-nology is managed. China is challenging the USA on an equal footing even over the rules that the systems have to play by, something which the Soviet Union was never able to do. There is no fundamentally accepted understanding with China comparable to the Helsinki Final Act (1975) with the Soviet Union.
At present, systems with distinct rules and values like ‘the West’ and a sphere dominated by China are evidently drifting apart from one another. The US attacks on Huawei are a clear symptom of this conflict. Whoever ends up building 5G will set the global standards for decades to come, including for the industries of the future which will be based on this new infrastructure. Hand in hand with this – as with all areas of critical infrastructure – will come a long-term dependency on the technology owner.
Small, open economies like that of Switzerland will increasingly be forced to opt for one of these systems. Today’s nonproliferation instruments will function as the gateway to talks with Switzerland. As in 1949, however, the goals the adversaries set will be more ambitious and will revolve around the barriers between the sys-tems. Among the relevant questions will be what form of technology exchange is possible and what type of reciprocal direct investment will be accepted as con-forming with the system.

SITUATION REPORT 2020 | FIS 71 Illegal intelligence

ILLEGAL INTELLIGENCE
SITUATION REPORT 2020 | FIS 73 Broad outline of illegal intelligence Espionage refers to the collection and analysis of confidential or secret information that is used to aid decision-making on strategic or tactical issues and to secure crucial advantages in armed conflicts or in the struggle for political or economic influence.
Espionage actors and targets range from natural persons to organisations and states.
The FIS directs its counterintelligence efforts mainly against state actors.
Broadly speaking, the motives, aims and methods of espionage have remained constant over time. Bevond espionage, certain intelligence services also make use of more offensive measures in order to influence, weaken or destabilise a politi-cal opponent or economic competitor. Examples include disinformation campaigns, cyber attacks, acts of sabotage or the deployment of special forces. Such measures extend to the use of force, possibly going as far as the liquidation of individuals.
Motives behind illegal intelligence The aims of actors resorting to espionage are determined by their political, mili-tary or economic agenda. The intelligence activities detected abroad in the context of the Covid-19 pandemic show how quickly and in what a targeted way this tool can be deployed.
At the intemational level, espionage is an instrument for attaining or strengthening a particular desired position in power struggles between states. Rivalries are espe-cially evident in trade conflicts, in the race for technological progress and in struggles for political or military influence in geostrategically important regions. Espionage is also used in bilateral and multilateral negotiations to procure useful information in order to achieve negotiating objectives. In addition, espionage can help states to consolidate or expand their sphere of influence in their immediate environment.
Certain states also resort to espionage as a domestic political tool in order to strengthen regime stability and securing individual power. They therefore target the capabilities of the intelligence services at political opponents and national, ethnic or religious minorities – at home as well as abroad. Consequently, diaspora com-munities also in Switzerland may be the target of espionage or intimidation by the intelligence services of their states of origin (see pages 78–79).
Illegal intelligence methods The tools of intelligence services include both (legally) searching for information in public sources and covert information gathering. Covert intelligence collection tools include, in particular, the recruitment of human sources, but also surveillance What does the FIS see?

ILLEGAL INTELLIGENCE
SITUATION REPORT 2020 | FIS 74 of communications via cable, satellite and radio, as well as the use of recording means such as cameras and bugging devices. In recent years, the use of cyber tools has grown in importance. In 2019, the FIS detected a record number of state-spon-sored cyber attacks on Swiss interests, most of which were of Russian, North Korean, Chinese and Iranian origin. Because of the Covid-19 pandemic, intemational organi-sations and research institutes have been attacked with cyber tools.
Aims of countering illegal intelligence Generally speaking, a state which becomes the target of espionage activities by another state will respond with countermeasures: counterespionage attempts to detect information collection and other offensive measures and to put a stop to them in order to protect a state’s own political and economic interests and to ensure security. Counterespionage therefore disrupts as much as it deters, because it restricts the freedom of action of other intelligence services. In order to protect themselves against economic espionage, private-sector actors in tum use preven-tive measures in the areas of information security and awareness-raising among employees. Counterespionage measures are essential in order to minimize the risks arising from espionage.
Switzerland as a target As the seat of intemational organisations and multinational corporations, the scene of intemational negotiations, a financial and trading centre and a laboratory for new technologies, Switzerland is an attractive espionage target in many respects.
On the one hand, espionage activities pose a direct threat to Swiss interests where they target federal and cantonal political institutions – in particular foreign affairs and civilian and military security authorities – and their employees or critical infra-structure elements. Economic espionage poses a direct threat to the competitiveness and prosperity of Swiss companies, especially when it is directed at companies in the field of new technologies, research institutes, universities, the arms and machin-ery industry or at Switzerland as a financial centre. For example, a Swiss company may be at a disadvantage compared with its competitors following the theft of a manufacturing secret. On the other hand, espionage activities pose a threat to Swit-zerland to the extent that they target intemational organisations (for example the World Health Organisation during the Covid-19 pandemic), foreign diplomats and foreign nationals resident in Switzerland. Intemational tensions are also reflected in the activities of foreign states who spy on their opponents on Swiss soil. This

ILLEGAL INTELLIGENCE
SITUATION REPORT 2020 | FIS 75 damages Switzerland’s image as a host state and a neutral and secure platform for intemational diplomacy, poses challenges for the legal system and threatens Swit-zerland’s intemal security.
State espionage actors in Switzerland Although many states employ offensive espionage methods abroad – including in Switzerland – the FIS focusses on the most active and aggressive intelligence services acting against Swiss interests. The main threat comes from the Russian intelligence services, which in 2019 continued to maintain a high level of activity on Swiss soil. Switzerland is still one of the main European hubs for the Russian intelligence services. The number of intelligence officers operating under diplomatic cover has not decreased in the last year – known or suspected members of one of the Russian services represent around one-third of the currently accredited personnel of official Russian missions. In addition, there are also informants, sources, officers under non-official cover and those who travel to Switzerland just for a short time to carry out an assignment.
Espionage attack vectors and targets in Switzerland

ILLEGAL INTELLIGENCE
SITUATION REPORT 2020 | FIS 76 Second to Russia, China’s espionage activities also represent a significant threat to Switzerland. The activity of Chinese intelligence services is evident in the station-ing of intelligence officers not only under diplomatic cover, but also and in particular under non-official cover, such as officers who pose as researchers, students, tourists or business people. For China, espionage is a key element for intemal stability, eco-nomic growth and the development of its defence capabilities.
Turkish and Iranian intelligence services also have a presence in Switzerland, but with more modest resources, in particular personnel under diplomatic cover. Their main objective in Switzerland is to monitor their diaspora communities and political opponents.
The brochure on the ‘Prophylax’ prevention and awareness-raising campaign is available on the intemet www.vbs.admin.ch (EN / Documents and publications / Publications / Prophylax)

ILLEGAL INTELLIGENCE
SITUATION REPORT 2020 | FIS 77 Illegal intelligence: a perennial challenge Espionage will remain a preferred method of both state and non-state actors. Like proliferation, espionage is a long-term phenomenon. There are several reasons for the continuing, if not increasing, importance of this tool. Firstly, the geopolitical situation is currently defined by power politics as pursued for example by states like the USA, Russia, China, Turkey, Iran, India, Pakistan and Israel. Secondly, offensive cyber tools are constantly being refined and digitalisation is creating new opportunities for procuring sensitive information or sabotaging information systems. Finally, the race for new technologies in a globalised economy is becoming more intense, making technological progress a prerequisite for conquering markets.
In recent years, therefore, the role of the intelligence services in the foreign and security policy of various states has become increasingly important. The services generally enjoy the confidence of their govemments, which in tum depend on the support of the services in order to maintain their own authority. In the context of increasing economic and political competition, certain states are investing considera-ble resources in strengthening their intelligence capacity.
Consequences for Switzerland The motives and interests of foreign actors in the area of espionage will probably remain unchanged in the coming years. Diplomats, members of security agencies, the army and cantonal and federal authorities, joumalists, researchers and entrepreneurs with access to sensitive information, as well as exposed individuals who are members of certain diaspora communities, will remain the target of foreign intelligence service activities. The FIS has no indications pointing to a decline in such activities. Equally, it is likely that the rise in cyber attacks of state provenance observed in 2019 will continue in the near future.
Information gained by means of espionage will be used to damage Switzerland’s sovereignty, for example by disrupting political or economic decision-making processes and thereby weakening institutions or companies. In addition, certain foreign intelligence services do not restrict themselves to information gathering. Switzerland is not immune to more aggressive measures targeting its interests or the interests of third states or of private persons or companies on its territory.
What does the FIS expect?

ILLEGAL INTELLIGENCE
SITUATION REPORT 2020 | FIS 78 Diaspora communities and opposition figures in the focus of foreign intelligence services Certain govemments depend on their intelligence services to protect their own interests and to maintain their power – at home as well as abroad. They therefore also deploy their espionage tools against their own nationals in Europe. Regime critics, opposition members and ethnic or religious minorities are particular tar-gets, if they are seen as a threat to the regime ruling in their state of origin. They are subject to surveillance, and in certain cases are threatened, blackmailed or intim-idated in other ways. This may extend to the use of physical violence and contra-venes fundamental rights and freedoms protected under the rule of law, such as freedom of expression. In addition, regimes abroad which are concemed about retaining their power also use influence operations in order to manipulate the atti-tudes of their diaspora communities. The activities of the intelligence services may generate tensions in the diaspora communities along the same ethnic, political and religious fracture lines as in their countries of origin.
Diaspora communities are monitored through the recruitment of sources and informants. These then conduct surveillance on members of the diaspora com-munity, to which they themselves often belong. They do so out of conviction, fear or self-interest. The intelligence services use financial or other incentives, for example medical services or offers of employment. The intelligence services also have means of exerting pressure, for example by threatening relatives remaining at home, which provides them with leverage to control the behaviour of dias-pora community members. In certain diaspora communities, the intelligence services also rely on circles close to the regime, such as cultural or religious asso-ciations. Finally, the FIS also regularly comes across cases where agents have been planted by means of asylum applications or where asylum applicants have been recruited.
The attempted coup against Turkey’s President Erdogan in August 2016 exac-erbated the repression of regime opponents. Since then, the Turkish intelligence services have intensified their activities in relation to their compatriots, including those in Switzerland, and are probably continuing to attempt to infiltrate the Turk-ish community – in particular the Kurdish minority and the Gülen and left-wing extremist movements. The Chinese services also take an interest in Uigurs and Tibetans (and their organisations) in Switzerland. As for Iran, it mainly monitors regime opponents living abroad – and will probably do so increasingly, in the light of rising intemational tensions and the Iranians’ dissatisfaction with their govem-ment. In recent years, the Iranian services have not hesitated to clamp down hard.

ILLEGAL INTELLIGENCE
SITUATION REPORT 2020 | FIS 79 For example, they are strongly suspected of having carried out two attacks on opposition figures in the Netherlands, in 2015 and in 2017. Furthermore, in 2018 the authorities in France and in Denmark were able to prevent attacks on Iranian opposition figures. Both states ascribe the attempted attacks to Iran. Iran has also not shied away from the use of violence on Swiss soil: in 1990, the Iranian oppo-sition figure Kazem Rajavi was assassinated in the canton of Vaud by an Iranian commando unit. As this case shows, intelligence services may also carry out vio-lent actions in Switzerland. Russia, in tum, carries out surveillance abroad of e.g. the Chechen diaspora community and intelligence officers who have defected to westem states. And the intelligence services and security agencies of the Chechen Republic have no qualms about killing members who have fallen into disgrace. In individual cases – such as the attempted murder of the Russian citizen Sergei Skri-pal in the UK in March 2018 – the Russian services also use highly toxic substances that have the potential to cause extensive collateral damage. Similar actions remain a real possibility in the future, including in Switzerland.
Short film ‘Im Visier’ on the subject of ‘industrial espionage in Switzerland’ Available on the intemet (in German with French and Italian subtitles): www.vbs.admin.ch (Weitere Themen / Nachricht-enbeschaffung / Wirtschaftsspionage) www.vbs.admin.ch (Autres thèmes / Recherche de renseignements / Espionnage économique) www.vbs.admin.ch (Altre tematiche / Acqui-sizione di informazioni / Spionaggio economico)

SITUATION REPORT 2020 | FIS 81 Threat to critical infrastructure

THREAT TO CRITICAL INFRASTRUCTURE
SITUATION REPORT 2020 | FIS 83 Cyber threat situation The FIS has observed a significant increase in cyber attacks on Swiss interests in Switzerland and abroad. For example, financially motivated attacks by criminals on the intemal systems of individual financial institutions have been recorded. Swiss companies are becoming the target of cyber attacks or cyber operations for industrial espionage purposes which are being conducted by state actors or carried out with a state’s backing. Operators of critical infrastructure are also among these targets.
Cyber spies usually steal manufacturing secrets, patents and information on planned mergers, acquisitions, market penetration or investments. Espionage may have an adverse effect on Switzerland as a financial centre and research location. For critical infrastructures, however, the possible consequences of a cyber sabotage attack are of greatest concem, as such attacks can cause massive physical damage and have grave repercussions for the population.
While the FIS has in the past detected cyber attacks on critical infrastructure in Switzerland, it has not yet identified any cases of cyber sabotage of critical infra-structure in this country. Such cyber sabotage attacks have, however, already been observed a number of times abroad. Most of them were carried out by govemment agencies, some as part of armed conflicts in the Middle East as well as in Eastem Europe.
The cyber threat currently causing the greatest concem for critical infrastructure in Switzerland is that of encryption malware. This is used to render data unreadable in order to extort money from the owner, for example a company. Such an infec-tion can have serious consequences or even threaten a company’s core processes.
Encryption malware has until now been used primarily for monetary motives. While not the aim, sabotage was the consequence.
Rise in attacks involving encryption malware An increase in attacks involving encryption malware has been observed world-wide. The sums that are being demanded in order for the encryption to be reversed or made reversible are getting higher and higher. Intemationally, not only companies but frequently also infrastructure in the administrative and healthcare sectors are being attacked. In the healthcare sector, human lives may be at stake, which is why it is even more important here than in other sectors that data be available. Moreover, it is difficult to reconstitute such data if they have been lost completely. Attacks using encryption malware in the wake of the Covid-19 pandemic have clearly con-firmed these assessments. For example, on 12 March 2020 patients at a hospital in What does the FIS see?

THREAT TO CRITICAL INFRASTRUCTURE
SITUATION REPORT 2020 | FIS 84 the Czech Republic had to be transferred to another hospital and operations had to be postponed because of a cyber attack. Similar incidents have been reported from the USA and France, but attempts in Switzerland remained unsuccessful, because employees recognized the phishing emails used for the attempted attack and appro-priate measures could be taken.
Various families of extortion software are used in Switzerland. They are used both in a targeted way and opportunistically. For example, even shortly before the Federal Council declared an extraordinary situation as defined under the Epidemics Act, attempts were made to distribute software that would allow remote access to computers. The software was to be distributed via a fake letter from the Federal Office of Public Health. Besides natural persons, Swiss companies, organisations and administrative institutions have also been attacked. The industry sector is par-ticularly affected, but the FIS is also aware of victims in the logistics, service and construction sectors.
Staged approach to cyber attacks
Since 2018, the tendency for attacks to proceed in stages has been growing. They normally start with an opportunistic initial infection and, where the victim proves sufficiently attractive, end in a targeted attack involving encryption malware. The campaigns are thus targeted only to a certain extent. Infection with Ryuk malware, in particular, has been observed on a number of occasions as the final stage in a two-or three-stage attack that began with infection with Emotet malware. Emotet originally became known as a trojan in the area of e-banking, but is now used primarily for sending spam e-mails and installing encryption malware. In some cases, Trickbot malware is used as an intermediary for spreading across the network and reconnoi-tring the extortion potential.
The principal benefit of such partially targeted attacks is that the company’s access rights, which are needed for deleting or encrypting the backup, can also be obtained.
The operational systems are rendered unusable only after encryption of the backup, so that the victim finds itself in a situation that threatens its very existence. It there-fore sees no altemative but to pay. Incidents involving encrypted backups have also been identified in Switzerland.
The initial infection may also occur via compromised websites. If a compro-mised website is visited, the computer is infected with malware which may later install encryption malware. Attacks involving extortion malware present a threat to companies and organisations. Those who fall victim to them need time, personnel

THREAT TO CRITICAL INFRASTRUCTURE
SITUATION REPORT 2020 | FIS 85 and money in order to cleanse the systems and reconstitute lost data. The attack may also damage the reputation of a company or entail a loss of productivity for a certain length of time. In addition to the production losses, there may be considera-ble financial implications. For example, at the end of July 2019, the tumover losses of a company specialising in building services engineering which was affected by an attack involving extortion software were put at around five million Swiss francs.
Threat not limited to cyberspace The threat to critical infrastructures is not limited to cyberspace. This has been illustrated by a sabotage attack targeting a high-voltage pylon in Gland (Vaud) in
June 2020. The motives for this attack remain unclear. Currently, the possibility of attacks on 5G infrastructure has to be emphasized, in Switzerland just as in other European states, where this has already happened. The alleged spreading of Covid-19 by 5G radiation is part of the context for these attacks.

THREAT TO CRITICAL INFRASTRUCTURE
SITUATION REPORT 2020 | FIS 86 MELANI’s semi annual report is available on the intemet www.melani.admin.ch (Documentation / Situation reports)

THREAT TO CRITICAL INFRASTRUCTURE
SITUATION REPORT 2020 | FIS 87 Cyber sabotage The cyber threat to Switzerland and its critical infrastructure will persist. However, the FIS does not have any specific evidence to suggest that Swiss critical infrastruc-ture will become a target for cyber sabotage. It is also currently quite unlikely that Swiss critical infrastructure will be a direct victim, as cyber sabotage is primar-ily used by opposing states as a form of mutual deterrence, particularly in conflict situations.
Sabotage attacks are operations with a regional, political and military focus.
Nonetheless, Swiss organisations may become victims if they maintain links with a target of a cyber sabotage campaign abroad. The perpetrators may be willing to accept collateral damage to them or may use them as a gateway into the victim’s network. Critical infrastructure is just one of the areas in which this applies. Swiss infrastructure may also serve as a means to an end in other respects: for example, systems are infected so that they function as communications interfaces that receive commands from an attacker and then use their own address to establish a connection to the target of the attack or to another interface. Lastly, collateral damage may occur if targeted cyber attack tools which have been deployed intentionally then spread unchecked. For example, it is assumed that the malware NotPetya was used in 2017 against Ukrainian companies but spread globally via the Ukrainian subsidiaries of multinational companies. The malware was equipped with the capability to spread in networks autonomously. It inflicted immense damage; there were also victims in Switzerland. It remains unlikely that terrorist groups will carry out such attacks.
Cyber attacks As cyber sabotage can be a product of conflict, cyber attackers can exploit global events. Using the pandemic as a framework, a number of different cyber viruses have been circulated, including extortion software. Because the use of extortion soft-ware is a lucrative practice, a further increase in such cyber attacks on companies must be expected. Around the world, many victims have given in to extortionists’ demands for money. However, even if it appears more cost-effective to the individ-ual victim, or to the insurance company behind the victim, simply to pay up, it is important not to comply, since criminals will pursue this business model as long as it remains lucrative. Payments thus support further attacks. There is also no guarantee that the data will actually be decrypted after payment. What is certain, however, is that attacks by criminal groups in cyberspace can have economic and social conse-quences that are more far-reaching than attacks in the physical world.
What does the FIS expect?

THREAT TO CRITICAL INFRASTRUCTURE
SITUATION REPORT 2020 | FIS 88 Furthermore, it cannot be ruled out that the opportunistic use of extortion malware against poorly protected systems will have more far-reaching consequences where critical infrastructure is involved, even if this is not the main intention of the attacker.
The encryption malware Wanna Cry, which infected many vulnerable targets via the intemet in an uncontrolled global spread, can serve as an example. The attack targeted critical infrastructure in a number of states; Switzerland remained largely unscathed. However, a future attack could also hit Swiss operators if security meas-ures are not implemented in good time.
In the short to medium term, further direct attacks by criminals on Switzerland as a centre of business and industry are expected, as are attacks by state actors which are carried out for monetary reasons or for the purposes of espionage against polit-ical and economic targets. State cyber espionage attacks can have a destabilising effect on foreign policy. In Switzerland, possible targets include the authorities, the army, the intemational organizations in Geneva and/or diplomats from other states, the financial and business sectors, the technology sector, the life sciences industry or sports organisations.

THREAT TO CRITICAL INFRASTRUCTURE
SITUATION REPORT 2020 | FIS 89 Risks in the supply chain Critical infrastructure may increasingly become a target for attack in connec-tion with regional conflicts. In this case, the supply chain and business partners might specifically be targeted. For example, actors investigate the suppliers of critical infrastructure operators in conflict areas and evaluate the ways they could use these to put themselves in a good position to disrupt the actual target. Organ-isations which are in contact with targets in conflict zones may thus be used as a means to an end for a cyber attack or be adversely affected by one.
Besides the threat to the supply chain posed by attacks, political developments also present the operators of critical infrastructure with challenges regarding the management and acquisition of suppliers. Developments in the intemational envi-ronment, for example the trade war between the USA and China, carry the risk that restrictions and sanctions in the cyber sector will severely disrupt the global supply chain, with attendant consequences for all, including Switzerland.
Supply chain attack

SITUATION REPORT 2020 | FIS 91 Key figures

KEY FIGURES
SITUATION REPORT 2020 | FIS 93 Structure, staffing and finances At the end of 2019, the FIS had 373 employees, corresponding to a total of 343 full-time equivalents. The gender ratio was approximately 40:60. The FIS attaches particular importance to family-friendliness. In 2016, it was one of the first fed-eral offices to be certified as a particularly family-friendly employer. The break-down of employees by first language was as follows: almost three-quarters German-, a good fifth French-, around five per cent Italian-and a little more than one per cent Romansh-speaking.
The cantons spent CHF 12.4 million on their intelligence services; the expenditure on personnel of the FIS amounted to CHF 57,879,485 and expenditure on materials and operating expenses amounted to CHF 19,861,778.
Intemational cooperation The FIS works together with foreign authorities to perform its duties under the Intelligence Service Act (ISA). To this end, the FIS has also represented Switzerland in intemational bodies. Specifically, the FIS has exchanged intelligence with over a hundred partner services from various states and with intemational organisations, for example with the competent bodies at the UN and with EU institutions and bod-ies dealing with security issues. The FIS currently receives around 12,500 messages a year from foreign partner services. The FIS currently sends around 6,000 messages a year to foreign partner services.
Information and storage systems
In 2019, a total of 847 requests for information based on Art. 63 ISA and Art. 8 Data Protection Act were received. In 20 cases, the FIS informed the applicants whether or not it had processed data about them and if so what that data was. In those cases in which it had actually processed data on the requesting person, it provided complete information, while keeping in mind the protection of third parties.
In 400 cases, the provision of information was deferred in accordance with the legal provisions. In 12 cases, the formal requirements (such as the provision of an identity card) for the processing of an application were not met, despite reminders being issued. These applications could therefore not be processed. At the end of 2019, 415 requests for information were still being processed.
In 2019, the FIS also received seven requests for access under the Freedom of Information Act.

KEY FIGURES
SITUATION REPORT 2020 | FIS 94 Situation assessments The FIS presents its situation report on Switzerland’s security annually. This con-tains the situation radar, the classified version of which is used on a monthly basis by the Security Core Group for assessing the threat situation and for setting priorities.
Recipients of the FIS’s situation assessments included the Federal Council, as well as other political decision-makers and competent authorities at the federal and can-tonal levels, military decision-makers and the law enforcement agencies. The FIS provides them, either when requested or on its own initiative, with periodic, spon-taneous or scheduled strategic reports, either in written or verbal form, covering all areas of the ISA and the FIS’s classified mission statement. For example, in 2019 the FIS once again supported the cantons with a platform for intelligence sharing man-aged from its Federal Situation Centre (World Economic Forum Davos).
Reports to be used in criminal and administrative proceedings In addition to these mainly strategically-oriented reports, the FIS provides unclas-sified information to competent authorities for use in criminal or administrative proceedings. In 2019, for example, it delivered 24 official reports to the Office of the Attomey General, 19 to other federal authorities such as the Federal Office of Police, the State Secretariat for Migration or the State Secretariat for Economic Affairs, and two to cantonal authorities (excluding supplements to existing official reports). 31 of these reports were related to terrorism, four to cyber security, three to illegal intelli-gence, three to proliferation, two to violent extremism, and two were not dedicated exclusively to any of these topics.

KEY FIGURES
SITUATION REPORT 2020 | FIS 95 Measures Counterterrorism | The FIS regularly publishes figures relating to counterterror-ism – individuals assessed to pose a risk, jihadist travellers, jihad monitoring – on its website. www.vbs.admin.ch (Weitere Themen / Nachrichtenbeschaffung / Terrorismus) – available in German, French and Italian The Prophylax prevention and awareness-raising programme | In 2019, the FIS, together with the cantons, continued its prevention and awareness-raising programmes, Prophylax and Technopol (in the context of higher education), for rais-ing awareness of illegal activities relating to espionage and to the proliferation of weapons of mass destruction and their delivery systems. The FIS and the cantonal intelligence services contacted firstly companies and secondly universities and research institutes as well as federal offices. In 2019, 54 sensitising conversations were held in the context of the Prophylax programme and five as part of the Techno-pol programme. In addition, 19 awareness-raising sessions relating to espionage and non-proliferation were conducted. The program has recently been complemented by a study on ‘Economic espionageʼ by the Institute of Criminal Law and Criminology of the University of Beme, commissioned by the FIS. The study, published in Jan-uary 2020, fills in gaps in our knowledge regarding case numbers, perpetrators and the damage done. The findings of the study will allow the FIS to align the Prophylax programme more accurately with the needs of Switzerland’s research and business landscape and to provide more efficient protection in the future. www.vbs.admin.ch (Weitere Themen / Nachrichtenbeschaffung / Wirtschaftsspionage) – available in German, French and Italian Cooperation to protect critical infrastructure | Melani is a model for cooperation between the Federal IT Steering Unit (FITSU) of the Federal Department of Finance and the FIS. The strategic management of Melani and the technical competence cen-tre are placed within FITSU, while the operational intelligence units of Melani are placed within the FIS. Melani is tasked to provide subsidiary support to Swiss critical infrastructure in its procedures for information assurance, in order to preventatively – and in the case of IT incidents in a coordinating manner – ensure the functioning of Swiss information infrastructure together with companies. In order to achieve this aim, in the year under review Melani and the operators of 315 of Switzerland’s criti-cal infrastructure facilities worked together on a voluntary basis, under a public-pri-KEY FIGURES
SITUATION REPORT 2020 | FIS 96 vate partnership. Melani published two half-yearly reports on the situation regarding information assurance for the public, 123 notices and reports for the operators of critical infrastructure facilities, nine specialist reports for the Federal Council and the FIS’s intelligence network partners and nine public newsletters and blog entries, and it processed around 12,000 notifications and requests from the public. The public reported over 6,500 phishing sites via the antiphishing.ch portal. www.antiphishing.ch Intelligence-gathering measures requiring authorisation | In cases presenting a particularly serious threat in the areas of terrorism, illegal intelligence, proliferation, attacks on critical infrastructure or the protection of other important national interests as defined under Article 3 ISA, the FIS can use intelligence-gathering measures requiring authorisation. Such measures are regulated under Article 26 ISA. They must in each case be authorised by the Federal Administrative Court and approved by the head of the DDPS following consultation with the head of the FDFA and the head of the FDJP. They are subject to close monitoring by the independent supervi-sory authority which oversees intelligence activities and by the Control Delegation.
Authorised and approved measures Area of activity (Art. 6 ISA) Operations Measures Terrorism 3 24 Illegal intelligence 1 15 NBC proliferation 1 8 Attacks on critical infrastructure 0 Total 5 47 Persons affected by the measures Category Number Targets 5 Third persons (as defined under Article 28 ISA) 3 Unknown persons (e.g. only phone number known) 2 Total 10

KEY FIGURES
SITUATION REPORT 2020 | FIS 97 Cable reconnaissance | The Intelligence Service Act has also given the FIS the powers to conduct cable reconnaissance in order to gather information about secu-rity relevant incidents abroad (Article 39 ff. ISA). As the purpose of cable reconnais-sance is to gather information about other countries, it is not designed to be used as a domestic intelligence-gathering measure requiring authorisation. However, cable reconnaissance can be carried out only where Swiss telecommunications service providers are required to forward relevant signals to the Swiss Army’s Centre for Electronic Operations. The ISA therefore provides under Article 40 f. an authorisa-tion and approval procedure for orders to the providers, which is similar to that for intelligence-gathering measures requiring authorisation. In 2019, two cable recon-naissance orders were processed.
Radio reconnaissance | Radio reconnaissance is also targeted at foreign coun-tries (Article 38 ISA), which means that only radio systems located abroad may be recorded. In practice, this relates primarily to telecommunication satellites and short-wave transmitters. In contrast to cable reconnaissance, radio reconnaissance is not subject to authorisation, because in radio reconnaissance, it is not necessary to oblige telecommunications service providers to reroute data. In 2019, 32 radio reconnaissance orders were processed.
Immigration checks and requests for entry bans | In 2019, the FIS screened 5,746 immigration applications for threats to intemal security (accreditation of diplomats and intemational officials or visa applications and applications for work and resi-dence permits required under the law on foreign nationals). The FIS recommended the refusal of one application for accreditation and of three visa applications. The FIS also screened 1,196 asylum dossiers for threats to the intemal security of Swit-zerland. In 25 cases it either recommended refusal of the asylum application based on relevant security concems or it pointed to a security risk. Of the 40,848 applica-tions for naturalisation screened by the FIS in accordance with the ISA, it recom-mended refusal of the naturalisation application or raised security concems in three cases. As part of the Schengen visa consultation procedure called ?Vision?, the FIS screened 900,880 data records for any threat to Switzerland’s intemal security. It recommended the refusal of four visa applications. In addition, the FIS screened the API (Advance Passenger Information) data for 1,748,930 individuals on 10,824 flights. API data that does not yield any matches with the data held by the FIS is deleted after a processing period of 96 hours. The FIS also submitted requests for

KEY FIGURES
SITUATION REPORT 2020 | FIS 98 the issue of 194 entry bans to fedpol (122 were issued, 72 were still being processed at the end of the year) and 4 expulsions (2 were issued, 2 were still being processed at the end of the year).
Personnel security screening | In the context of personnel security screening, the FIS conducted 1262 verifications abroad and undertook 99 in-depth assessments of individuals recorded in its information and storage systems on behalf of the national specialist unit for personnel security screening of the DDPS’s information security and facility protection office and the Federal Chancellery.

SITUATION REPORT 2020 | FIS 101 List of abbreviations
AKP Justice and Development Party
API Advance Passenger Information
COMINT Communications Intelligence
EU European Union fedpol Bundesamt für Polizei / Federal Office of Police
FITSU Federal IT Steering Unit
HUMINT Human Intelligence
IED Improvised explosive device INF Treaty Intermediate Range Nuclear Forces Treaty
ISA Nachrichtendienstgesetz / Intelligence Service Act
NATO North Atlantic Treaty Organisation
OSINT Open source intelligence
PKK Kurdistan Worker’s Party
RAS Revolutionärer Aufbau Schweiz
SIGINT Signals Intelligence
USBV Unkonventionelle Spreng-und Brandvorrichtung Verordnung über Massnahmen zur Unterstützung der Sicherheit von Minderheiten mit besonderen Schutzbedürfnissen / Swiss Ordinance on
VSMS Measures to Support the Security of Minorities with Special Protection Needs
WEF World Economic Forum
YPG Peopleʼs Protection Units

SITUATION REPORT 2020 | FIS 103 Editor Federal Intelligence Service FIS Deadline August/september 2020 Contact adress Federal Intelligence Service FIS Papiermühlestrasse 20 CH-3003 Bem E-mail: info@ndb.admin.ch www.fis.admin.ch Distribution BBL, Verkauf Bundespublikationen, CH-3003 Bem www.bundespublikationen.admin.ch Art.-No. 503.001.20eng
ISSN 1664-4719 Copyright Federal Intelligence Service FIS, 2020

SWITZERLAND’S SECURITY Federal Intelligence Service FIS Papiermühlestrasse 20 CH-3003 Bem www.ﬁs.admin.ch / info@ndb.admin.ch"
swiss_defense_529,swiss_defense,529 Switzerland Security through Cooperation - Report 2000 on Security Policy 2000.txt,en,"Security through Cooperation An information brochure on the Report of the Federal Council to the Federal Assembly on the security policy of Switzerland (Report 2000 on Security Policy)
DEFENCE · CIVIL PROTECTION · SPORTS
VERTEIDIGUNG · BEVÖLKERUNGSSCHUTZ · SPORT
DEFENSE · PROTECTION DE LA POPULATION · SPORTS
DIFESA · PROTEZIONE DELLA POPOLAZIONE · SPORT 2nd edition

2 Security through Cooperation Impressum This brochure summarizes the core state– ments of the report on Swiss security policy and is intended to facilitate the discussion on security policy. However, it is no substitute for the more detailed and comprehensive full report.
Only the text adopted by the Federal Council is authoritative!
Concept, Realization:
Rudolf Plüss, Thomas Suremann
Text:
Rudolf Plüss, Christian Catrina, Thomas Suremann
Publisher:
Office for Information Concepts, General Secretariat, DDPS
Layout/Print:
Staubli Media, Bem [www.stm.ch] Druckerei Bloch AG, Arlesheim
Photos:
Keystone-Press, Army Film Service
To be ordered from: see page 32
Contact address:
Information Service DDPS, Parliament Building, East Wing,
3003 Bem Tel ++41 31 324 50 58 www.vbs.admin.ch

3 3 Security through Cooperation
* On these pages, this summary contains some additional information and remarks, compared with the full report.
Contents Summary Our new security policy and its consequences 4–5 Fundamentals New world – new dangers 6–7 Armed conflicts and their management 8–9* Our armed forces in comparison with others 10–11* Our response: security trough cooperation 12–13 Our security policy instruments The armed forces 14–15 Armed forces: preconditions for mission accomplishment 16–17 Civil protection 18–19 Foreign policy and economic policy 20–21 Police and protection of the constitutional order 22 Information and communication 23 The framework of our security policy Resources: militia and compulsory service 24–25* Resources: modification of compulsory service 26–27 Our neutrality adapted to the situation 28–29 Strategic leadership 30 The way ahead: milestones of our security policy 31

4 Security through Cooperation Our new security policy ...
The new situation The intemational situation has changed fundamentally over the last decade. The conventional military threat to Switzerland has decreased. At the same time, the range of other dangers and risks has expanded considerably. Today’s security problems cut across borders. The current crises and conflicts in Europe confront many coun-tries with the same challenges and they have a direct impact on Switzerland as well. The crises cannot be solved but by a joint effort. For this reason, greater security cooperation is imperative.
Our previous strategy The previous Swiss strategy of security policy aimed at security through auto-nomy. To a large extent it was based on worst-case assumptions (nuclear war) as criteria for the allocation of resources, and it was accepted that a heavy time burden was placed on the militia. This orientation was appropriate to the circumstances of the Cold War but the changed situation calls for a new strategy.
Summary The Report 2000 on Security Policy analyses the changed situation, describes the objectives of Swiss security policy and derives from them our strategy: security through cooperation. This strategy determines, in tum, the missions of our security policy instruments.
Part of the
framework: neutrality The law of neutrality leaves considerable freedom for manoeuvre to the neutral state. In the current political-military environment neutrality must be interpreted in an active way which expresses a spirit of solidarity. Neutrality does not prevent Switzerland from an active commitment to peace support or from cooperation in military training. However, the law of neutrality does prohibit giving military support to any warring party. For this reason, even in peacetime a neutral state cannot make any commitment to give military assistance in a war. Therefore, membership in NATO is not compatible with neutrality.
The new strategy: security through cooperation The new strategy of Swiss security policy is geared to cooperation.
Within Switzerland, emphasis is put on the best possible coordination of our own civilian and military instruments through comprehensive and flexible security cooperation. Intemationally, cooperation with friendly states and intemational security organizations will be expanded, as well as Switzerland’s commitment to enhancing peace. Such a commitment reflects our own interests; it reduces the risk that Switzerland itself is affected by the consequences of instability and war.
The strategy of cooperation runs like a thread through all areas relating to security policy. The path to greater security involves more cooperation.

5 5 Security through Cooperation ... and its consequences Reassessment of the missions of our armed forces The new strategy demands that the previous three missions of the armed forces are evaluated anew.
Peace support and crisis management:
Compared to the former ‘peace promotion’ mission, the armed forces must expand their engagement in the trouble area itself.
If necessary, it will also be possible to arm voluntary units for their protection and the success of their mission.
Area protection and defence:
Compared to the former defence mission, cooperation with other armed forces will be increased, particularly in training.
Prevention and management of
existential dangers:
Compared to its previous civil affairs support mission, the armed forces must be able to conduct several such operations simultaneously after a short period of preparation.
Preconditions for accomplishing armed
forces missions:
Altogether the armed forces must be able to fulfil all three missions. Therefore, they must be multi-functional. The armed forces need graduated degrees of readiness.
High readiness is necessary for some missions, but not for all. In view of a potential threat increase, the armed forces must also be able to increase their assets accordingly. In order to cooperate better with other armed forces (e.g. in peace support operations), it will also be necessary to improve interoperability.
Compulsory service The militia system and compulsory service for both armed forces and civil protection will be maintained. However, flexibility must be increased. Thus, the possibility of doing this service within a single period will be introduced for certain functions.
Another objective is earlier discharge from compulsory service. Moreover, citizens having fulfilled their military duty will no longer be obliged to serve in civil protec-tion. Finally, three variants for the future assignment of personnel to the armed forces and to civil protection have been submitted for discussion.
Civil protection Civil protection includes various civilian means (e.g. fire brigades, civil defence, rescue services) to protect the population in the event of catastrophes, military threats or other emergencies. The responsibility lies with the cantons and municipalities. The federal authorities The new strategy will have an effect on our security policy instruments, in particular on the armed forces and civil protection. The strategy calls for a reassessment of the relative importance of the missions of our armed forces. It also calls for a partial review of our compulsory service and will have an impact on our strategic leadership. assist in emergencies of national magni-tude. Civil protection is primarily geared to coping with disasters. Preparations for unlikely events (e.g. nuclear war) have become less important.
Strategic leadership The strategic leadership of the Federal Council will be strengthened. A newly created Security Steering Group will permanently assess the situation, identify risks and opportunities as early as possible and propose measures to the Federal Council. The Security Steering Group will also be charged with the efficient coordination of our security policy instruments with a view to comprehensive and flexible security cooperation. At the same time, coordination of the intelligence services will be improved.

6 Security through Cooperation New world ...
In the contemporary world, borders and geographic distances are declining in importance. More and more problems are becoming common problems – and successful solutions are also increasingly common solutions.
Decreasing military threat More intemal conflicts Today most armed conflicts do not take place between states or groups of states. More often they pit state authori-ties against groups within the same state.
Among the most important causes and
motives of such conflicts are: ethnic tensions efforts to gain independence economic disparities ideological and religious disagree-ments individual groups striving for power If crisis management is not sufficient, local disputes may escalate to extensi-ve armed conflicts. Such conflicts can also affect distant states, including Switzerland. This is most obvious with regard to refugees. Some of the refugees continue in Switzerland to take part in the conflict of their country of origin in various ways. This can cause problems for the intemal security of our country and its foreign relations.
The end of this century is, however, characterized not only by greater unity, but also by disintegration and fragmentation. This is obvious from the map of Europe and the crises and conflicts in the Balkans and Eastem Europe. This has far-reaching consequences for Switzerland, most obviously in terms of refugees seeking asylum in our country, but also in terms of a greater humanitarian responsibility.
The Kosovo war: Switzerland has assumed responsibility. Its armed forces contribute to humanitarian assistance (airlift with Super Puma helicopters).
The end of the Cold War has led to a sustained reduction of the stockpiles of nuclear and conventional weapons.
The waming time for large-scale operations with conventional means has increased to years.
This gain in security will be lasting, if weapons of mass destruction remain under control if armed conflicts can be contained by political and military means if setbacks can be overcome Fundamentals

7 7 Security through Cooperation ... new dangers TERRORISM: A bomb attack on the U.S. Embassy in Nairobi caused the death of 240.
There is a broad spectrum of dangers and risks.
The intensity and integration of non-military dangers has increased.
The most important dangers and risks
include: uncontrolled proliferation of means of mass destruction exertion of economic pressure vulnerability of modem information and communications systems (cf. box) terrorism, violence-prone extremism and organized crime the great disparity of prosperity, the scarcity of natural resources and un-controlled migration The threat to the information infrastructure Modem societies depend heavily on the undisturbed functioning of in-formation systems. These are vul-nerable. Attacks on these systems and networks can be waged by state and non-state actors, with limited means and regardless of distance. The risk of detection is small. The range of pos-sible attacks includes manipulating data, introducing malfunctions, de-stroying data, software, hardware and infrastructure. Motives for such attacks include (economic) espionage, black-mail and influencing certain decisions in economy and administration.
ORGANIZED CRIME: Security forces at the German-Polish border fighting against organized crime from Eastem Europe.
PROLIFERATION: An Iraqi Scud missile is destroyed under UN direction. One of the greatest dangers lies in the proliferation of long-range weapon systems and of means of mass destruction. natural and technological disasters These dangers and risks increasingly threaten the structures of modem and open societies.

8 Security through Cooperation Armed conflicts ...
The modem air war Fighting at close quarters Non-military threats, and violence below the threshold of war, have greatly increased, but they have not replaced war. Today war has two faces: It is either being conducted with the most modem means from the air or with conventional arms at close quarters on the ground. These two faces were evident in the Persian Gulf and on the Balkans.
Characteristics The operation against Iraq 1990/91 was
characterized by: the high technological level the importance of air war the use of long-range weapons the effort to minimize own casualties The NATO operation against Yugoslavia in 1999 followed a similar pattem.
Objectives
In the Gulf war: liberation of occupied territory and enforcement of UN resolutions.
In the war against Yugoslavia: exertion of military pressure to achieve a political solution of the Kosovo conflict.
Conclusion for security policy The high technological level and the emphasis laid on air war make it possible to minimize own casualties, but the decision must still be fought out on the ground and requires a great effort.
Effects on Switzerland took part in the economic sanctions against Iraq. At the request of the allies, Switzerland granted overflight rights for humanitarian purposes, but not for combat purposes. Since 1995 the Federal Council granted transit rights, both in the air and on the ground, through Switzerland for the intemational peace force (IFOR/SFOR) to Bosnia and Herze-govina. In 1999 Switzerland was not in a position to grant over-flight rights for the NATO operation against Yugoslavia because it was not based on a UN Security Council mandate.
Characteristics The war in Bosnia and Herzegovina (1992-1995) was waged at short distances.
Besides regular armed forces, groups with various degrees of organization and with different objectives took part. The weapons dated from various gener-ations. Most of the fighting took place on the ground, often in the form of hate-inspired close combat which violated the rules of humanitarian intemational law.
The expulsion of the Kosovars followed the same pattem. At the same time, NATO was waging a modem air war against Yugoslavia. The two forms of war com-bined and overlapped.
Objectives The goals of both wars were self-deter-mination, power, expulsion and territori-al gains.
Conclusion for security policy Wars such as those on the Balkans are seen by the participants as feasible and promising. This makes their recurrence more probable.
Effects on Switzerland Both conflicts had an impact on Switzer-land through a marked increase of requests for asylum. Within the frame-work of the OSCE, Switzerland is con-tributing to the stabilization of Bosnia and Herzegovina (yellow berets, military observers, election observers, humani-tarian aid). Switzerland is also helping the Kosovo refugees within the area of tension with civilian and military means.
Fundamentals

9 9 Security through Cooperation ... and their management Conflicts should be resolved as peacefully as possible, preferably by negotiation.
Pressure can be exerted with sanctions.
As extreme options, the intemational community can threaten and apply force.
Whether political efforts to resolve the problem succeed depends heavily on the credibility of such threats. The decisive prerequisite for resolving a conflict is the political will to act. This will must always be negotiated anew in the various intemational organizations. In principle, the use of force without a mandate of the UN Security Council is against intemational law.
UN The UN is the universal govemmental organization for safeguarding world peace. The UN Security Council bears the main responsibility for maintaining peace and security. Based on the UN Charter, the Security Council decides on conflict management measures which include those taken with the consent of the conflicting parties, but also eco-nomic sanctions and military coercion.
NATO
19 European and North American states are members of this defence alliance.
NATO has retained its original core func-tion of defending its member states against military attack. For several years it has also assumed the task of maintaining or enforcing peace through military means in areas outside the alliance.
Intemational security structures have been designed for peace support, crisis prevention and conflict resolution. These tasks must increasingly be assumed jointly by the intemational community.
Conflict resolution: meeting of the UN Security Council.
OSCE The Organization for Security and Cooperation in Europe promotes security, peace, human rights and democracy primarily through preventive diplomacy.
Switzerland is a member of the OSCE.
Partnership for Peace, EAPC
In 1994 NATO launched the Partnership for Peace programme to promote cooperation for peace in Europe, in which Switzerland is a participating as well. All states taking part in the partnership are also members of the Euro-Atlantic Part-nership Council, which serves as a forum for security policy.
EU/WEU The European Union pursues a common foreign and security policy. The Westem European Union (WEU), a military alliance of ten European states, is both the European pillar of NATO and the military instrument of the EU.
Arms control and disarmament agree-ments are important elements for enhancing intemational peace. They include, in particular, the nuclear nonproliferation treaty (1968) and the conventions on biological and chemical weapons (1972 and 1993), but also the agreements between the United States of America and the Russian Federation on strategic nuclear arms and the Treaty on Conventional Armed Forces in Europe.
Council of Europe The Council of Europe is an organization of 41 European states, including Switzer-land. The Council’s main purposes are the protection and promotion of human rights, of the rule of law and of demo-cracy.
Important organizations and agreements

10 Security through Cooperation Our armed forces in comparison ...
For most of the European armed forces, restructuring aims at increasing the capabilities for crisis management.
Traditional defence components are being reduced in favour of rapidly available crisis reaction forces. These are intended for peace support operations in crisis areas.
Our four neighbours France, Germany, Italy, and Austria are also establishing such forces.
For most armed forces, the financial situation has also changed over the past years. Both defence budgets and man-power are being reduced. However, it is conspicuous that the United Kingdom and France, for example, continue to invest heavily in defence (defence expenditure in relation to gross national product).
The relatively low personnel expenses of the Swiss Armed Forces are remarkable (a consequence of the militia system), as well as the balanced proportion between outlays for operations and for procurement.
The armed forces in Europe are being restructured.
They are adapting to the changed threat situation.
2 1 2 6 5 4 3 France
Population:
58 million
Area:
544 000 km2
Armed forces strength 1990:
460 000
Armed forces strength 1998:
359 000
of which crisis reaction forces*:
41 500
Defence expenditures 1990*:
3.5 %
Defence expenditures 1997:
2.9 %
Personnel expenditures:
20.1 billion SFR Ratio of expenditures for
operations/for procurement:
3:1
Alliance membership:
NATO / WEU
Conscription system 1990: universal conscription system 2000: professional armed forces being established Germany
Population:
81.5 million
Area:
357 000 km2
Armed forces strength 1990:
469 000
Armed forces strength 1998:
333 500
of which crisis reaction forces*:
52 000
Defence expenditures 1990*:
2.8 %
Defence expenditures 1997:
1.6 %
Personnel expenditures:
20.3 billion SFR Ratio of expenditures for
operations/for procurement:
6:1
Alliance membership:
NATO / WEU
Conscription system 1990: universal conscription system 2000: universal conscription Fundamentals

11 11 Security through Cooperation 6 5 3 4 United Kingdom
Population:
58 million
Area:
241 000 km2
Armed forces strength 1990:
306 000
Armed forces strength 1998:
210 000
of which crisis reaction forces*:
15 000 (as of 2001)
Defence expenditures 1990*:
4 %
Defence expenditures 1997:
2.7 %
Personnel expenditures:
19.1 billion SFR Ratio of expenditures for
operations/for procurement:
3:1
Alliance membership:
NATO / WEU
Conscription system 1990: professional armed forces
Conscription system 2000: professional armed forces Switzerland
Population:
7 million
Area:
41 000 km2
Armed forces strength 1990:
650 000
Armed forces strength 1998:
380 000
of which crisis reaction forces*: -
Defence expenditures 1990*:
1.8 %
Defence expenditures 1997:
1.5 %
Personnel expenditures:
1.1 billion SFR Ratio of expenditures for
operations/for procurement:
1:1
Alliance membership: neutral
Conscription system 1990: universal conscription system 2000: universal conscription Italy
Population:
57 million
Area:
301 000 km2
Armed forces strength 1990:
389 000
Armed forces strength 1998:
298 000
of which crisis reaction forces*:
23 000
Defence expenditures 1990*:
2.1 %
Defence expenditures 1997:
1.9 %
Personnel expenditures:
13.2 billion SFR Ratio of expenditures for
operations/for procurement:
6:1
Alliance membership:
NATO / WEU
Conscription system 1990: universal conscription system 2000: partial professional armed forces being established Austria
Population:
8 million
Area:
84 000 km2
Armed forces strength 1990:
42 000
Armed forces strength 1998:
45 500
of which crisis reaction forces*: (being established)
Defence expenditures 1990*:
1.1 %
Defence expenditures 1997:
0.8 %
Personnel expenditures:
1.4 billion SFR Ratio of expenditures for
operations/for procurement:
4:1
Alliance membership: neutral
Conscription system 1990: universal conscription system 2000: universal conscription ... with others Remarks Crisis reaction forces* are elements of the armed forces with a high level of readiness and suitable for deployment abroad.
Defence expenditures 1990*:
The figures indicate the percentage of defence expenditures in relation to the gross national product.
Armed forces strength:
The figures designate active strength without reserves. In the case of Switzer-land they refer to total strength after general mobilization.

12 Security through Cooperation –– Our response: security ...
The security policy of Switzerland Our security policy serves to protect our country, population and interests against strategic dangers, i.e. the threat or use of direct or indirect force affecting considerable parts of country and population.
Our security policy objectives derive from the Federal Constitution
(Article 2) and our interests: we wish to make our own decisions, both domestically and in our foreign relations, without being affected by the threat or use of direct or indirect force we wish to protect our population and its infrastructure against existential dangers we wish to contribute to stability and peace beyond our borders and to building an intemational community of common values. Thereby we reduce the risk that Switzerland and its popula-tion will be affected by instability and war abroad. This is also an expression of our intemational solidarity In a world of common values, prob-lems and the necessity for joint solutions, a strategy of cooperation is required. Our strategy of security through cooperation relates to two
levels: cooperation between our own security policy instruments, especially for missions within Switzerland (‘com-prehensive and flexible security cooperation’) and intemational cooperation in security policy Characteristics of the new
strategy: orientation according to the current and most probable dangers flexible and modular use of our security policy instruments within Switzerland intensification of intemational cooperation in peace support, crisis management and training Our own security policy instruments must be kept up to date.
Characteristics of the strategy
to date: security through as much autonomy as possible allocation of resources according to ‘worst case scenarios’ heavy time burden on the militia
1. Objectives
2. Strategy Fundamentals

13 13 Security through Cooperation ... through cooperation Our objectives and strategy result in three tasks.
Peace support and crisis management Switzerland benefits directly from a stable environment. It is therefore fully in our interest to contribute to peace support and crisis management. Cri-teria for our commitment are national interests, the firm grounding in intemational law and the democratic and humanitarian orientation of such operations.
Concrete activities: membership and participation in intemational organizations (e.g.
OSCE) deployment of civilian and military personnel (e.g. election observers, yellow berets, aid in the Kosovo conflict) humanitarian activities (e.g. Swiss Disaster Relief Corps) initiatives and services relevant to security policy (e.g. the Geneva In-temational Centre for Humanitarian Demining) assistance in reconstruction (e.g. in Eastem Europe) development cooperation Prevention and management of
existential dangers comprise: assistance in the event of natural or technological disasters at home and abroad protection of persons and important facilities (e.g. power and communi-cations installations)
fighting organized crime and terrorism
Defence:
Switzerland must always be able to defend its population, territory and airspace against strategic threats.
This requires: maintaining a credible military de-fence capability an efficient and flexibly deployable civil protection a high level of equipment and training a readiness which can be adapted as the situation develops armed forces that can cooperate with foreign armed forces for defence if necessary
3. Missions
4. Instruments Such force may be of politico-military origin, but may also result from disasters, terrorism or organized crime. Our security policy comprises objectives, strategy, missions and instruments.
For its security policy missions Switzer-land has the following instruments: foreign policy armed forces civil protection economic policy national economic supply police and protection of the constitutional order information and communication The security policy instruments must be conceived in such a way that Switzer-land can react to future developments timely, adequately, flexibly and in a coordinated manner.
4. Instruments

14 Security through Cooperation The armed forces Our security policy instruments The mission of the armed forces
comprises: peace support and crisis management area protection and defence contributing to the prevention and management of existential dangers Compared to the previous mission of ‘peace promotion’, the armed forces will have a stronger presence on the spot and intensify relevant training.
Deployed units are to be armed if this is necessary for their security and for the completion of their mission. The Federal Council will decide whether the Swiss Armed Forces take part in operations, with what kind of units, for how long and under which rules of engagement. Such decisions will require subsequent ap-proval by Parliament.
This is new Multi-functionality, readiness, force generation capability and interoperability are necessary for the armed forces to fulfil these missions. The missions of peace support and crisis management, as well as the prevention and management of existential dangers will play a more important role than in the past.
The mission of the armed forces in security policy The armed forces will contribute within the framework of intemational security cooperation to peace support and crisis prevention can, after a short period of prepara-tion, deploy modular units as the situation requires to a crisis area for extended periods will train, equip and adequately arm units for each operation Participation in operations abroad will continue to be voluntary.
Peace support and crisis prevention

15 15 Security through Cooperation Area protection and defence The armed forces will defend population, territory and airspace can, after a short period of prepara-tion, conduct several area protection operations simultaneously will assure the necessary readiness and force generation capability will cooperate already in peacetime with friendly states where such coooperation is appropriate and compatible with the law of neutrality (e.g. in training) will be able to conduct defence together with other armed forces if a military attack against Switzerland renders its neutrality invalid This is new Compared to the previous defence mission, cooperation with other armed forces will be expanded, especially in training.
Differentiated degrees of readiness and a force generation capability will en-hance the armed forces’ flexibility and efficiency.
Area protection: centrally-led operations other than war of the armed forces to protect important areas or zones (e.g. airspace, main transit routes, border segments).
The armed forces will assume guard duties will protect the population against the massive use of force will give assistance in the event of disasters and other emergencies will undertake these operations at the request of civil authorities, under their operational direction and when their own means are exhausted can, after a short period of prepa-ration, carry out several operations simultaneously and for an extended period will provide disaster relief abroad as well will protect Swiss facilities abroad This is new Compared to the past, the armed forces must be capable of conducting several such operations simultaneously after a short period of preparation.
Prevention and management of existential dangers

16 Security through Cooperation Armed forces: preconditions ...
Multi-functionality Multi-functionality means that the armed forces are geared to mastering several and different missions.
The armed forces will be multi-functional as a whole.
However, the individual soldier will not have to be able to do all the different tasks at the same time.
The importance of multi-functionality is becoming increasingly evident in practice.
For example, the armed forces simul-taneously fulfilled various missions in different places in 1999: caring for people seeking asylum, rescue, assistance and supply missions for people affected by avalanches, fighting floods, protecting foreign missions and intemational organi-zations in Bem, Geneva and Zurich, giving Theory and practice correspond with each other support to the border guard corps, protecting Swiss diplomatic missions abroad, and providing disaster relief to our neighbouring countries. Armed forces have been deployed to Bosnia and Herze-govina as well as to Albania for peace support operations. Planning and con-ducting these missions is particularly demanding in the case of a militia system (availability of forces, predetermined duty periods, reserves). Here too, the impor-tance of cooperation is evident: Armed forces perform together with civilian executive staffs, civil defence, police, fire brigades and other organizations. Their success depends on cooperation.
Deployment at the border Guard duty Peace support Rescue and aid (avalanche winter of 1999) Care of refugees Our security policy instruments

17 17 Security through Cooperation Interoperability includes all capabilities necessary for cooperating with foreign armed forces.
This includes language, staff procedures, equipment and training. Interoperability facilitates cooperation in peace support, crisis management and in preventing and mastering existential dangers. This in itself does not entail joining a military alliance.
The Swiss Armed Forces enhance their interoperability through joint exercises in the Partnership for Peace programme and through experiences made in genuine engagements. ... for mission accomplishment Readiness and force generation capability Leopard II battle tank The current security-policy situation calls for the armed forces to have graduated degrees of readiness.
Waming times for the defence mission are long today.
However, for peace support and coping with existential dangers, greater readiness is necessary than in the past.
Parts of the armed forces must be rapidly available, after a short period of preparation. Due to their force generation capability, the armed forces continue to be prepared for a relapse into politico-military conflicts. This implies that personnel size, length of service, equipment and training can be increased adequately and in time to cope with a given situation. A timely political decision is necessary to make use of this growth potential.
Interoperability Equipment and training The armed forces’ equipment and training are continuously being modemized.
At least for parts of the armed forces, it is necessary to procure weapon systems and other equipment which meet highest European standards. The necessary industrial expertise for maintenance, upgrading and partially also for production must be maintained.

18 Security through Cooperation Civil protection Our security policy instruments Civil protection is a civilian instrument for management, protection and assistance during disasters, politico-military threats and other emergencies.
Missions
Civil protection:
Civilian leadership Means Rescue, fire
fighting, repair Protection and care, protection of cultural assets Health, medical services Safeguarding technical facilities Logistics Technical facilities Logistic elements Medical rescue services Today’s civil defence resources Fire bigades Armed
forces:
Armed forces assets are employed in large-scale emergencies if required.
All civilian resources for coping with disasters, armed conflicts and other emergencies are being coordinated within the framework of civil protection. In principle, the cantons are responsible for civil protection. The federal authorities provide the le-gal basis and support the cantons, e.g. in training. For events of national magnitude, the federal authorities assume leadership and coordinate.
Police:
The police can be employed within the frame of civil protection for maintaining law and order.

19 19 Security through Cooperation Civil protection will serve to alert the population and protect them against disasters and politico-military threats. It will provide for the protection of vital facilities and cultural assets. Incidents will be mastered by employing the modular means of cantons, municipalities and private organizations.
Reorientation and adaptation of readiness ‘Worst case scenarios’ (e.g. nuclear war) have become rather improbable today.
Natural and technological disasters and other emergencies have become much more likely. This has consequences for the readiness of civil protection: The main emphasis for mission planning and training will be on coping with disasters.
Civil protection will rely mainly on the partly professional assets designed for every-day activities. They will include, e.g. fire brigades, medical rescue services and technical facilities. The assets of civil defence will be integrated into civil protection. The civil protection assets will be designed in a modular fashion, so that modules can be employed selectively as The mission of civil protection in security policy needed. Civil authorities will assume leadership and coordinate.
The responsibility for civil protection will lie primarily with the municipalities, regions and cantons. It is also they who are usually confronted with the task of coping with disasters.
The federal authorities will assist the cantons if the size of the emergency calls for management and coordination at na-tional level. The armed forces will be engaged when the civilian resources are exhausted.
Civil protection: coordinated cooperation of all partners for dealing with disasters.
The security policy situation calls for a reorientation of civil protection and enables it to adapt its readiness.

20 Security through Cooperation MENSCHENRECHTSPOLITIK: u.a.
Kampf der Anti-Personenminen Our security policy instruments Foreign policy and ...
Foreign policy is an important pillar of our security policy. It is a primary instrument for protecting our interests and expressing our solidarity with the intemational community.
The security policy mission of foreign policy Foreign policy increases Swiss security by contributing to strengthening and lastingly safeguarding peace, to conflict prevention and crisis management enhancing respect for human rights and basic liberties safeguarding Swiss interests in arms control and disarmament negotiations promoting compliance with humanitarian intemational law assisting less developed countries and Eastem European states by raising their living standards providing humanitarian assistance in the event of disasters or armed conflicts pursuing a policy of neutrality which allows Switzerland to participate actively in the establishment of effective security structures Peace support in concrete terms Through concrete contributions Switzerland supports efforts of the UN and the OSCE in peace support, preventive diplomacy and crisis management. Switzerland provides election observers and experts, contributes to the build-up of democratic structures and provides material and logistic assistance.
Switzerland also supports the protection of minorities, the freedom of the press, the strengthening of local administration and an efficient justice and police who respect the rule of law.
Human rights policy Observance of human rights is an essential concem of Swiss foreign policy. Compliance with the provisions of human rights is in our own security interest. In the long term, peace and security can only be guaranteed if the community of states respect hu-man rights and basic liberties, and political power is under democratic control.
Development cooperation Support for the OSCE and the UN HUMAN RIGHTS: The indiscriminate effects of anti-personnel mines form one of the cruellest violations of human rights.
DISASTER RELIEF:
The Swiss Disaster Relief Corps conducts operations all over the world.

21 21 Security through Cooperation ... economic policy Switzerland has a long-standing vital interest in an open and liberal global economic trade system. Swiss economic policy relies heavily on cooperation for realizing our national interests.
The security policy mission of economic policy Swiss economic policy promotes the Swiss economy and ensures its competitiveness.
It contributes thereby to prosperity and stability in Switzerland. Swiss economic policy supports an open global trade beneficial to all partners – and hence is also conducive to reducing economic disparities which are in themselves an important source of security problems.
Swiss economic policy must also be able to cope with efforts to exert economic pressure on Switzerland. This is facilitated by our presence and ability to safeguard our interests in intemational organizations (e.g. the World Trade Organization). Swiss economic policy also seeks to maintain the ecological balance.
The organization for the national economic supply of Switzerland ensures the supply of vital com-modities and services if the private economy is no longer able to do this due to events abroad.
Switzerland relies on foreign sources for the supply of raw materials and energy. This reliance on others is compounded by the fact that Switzer-The objective of ensuring economic supply in wartime has become less important – reflecting the intemational security situation.
Means and measures
Preventive measures: analysis of the situation and its likely development appropriate mandatory stockpiles ensuring the availability of important means of transport preparation of rationing measures If supply is disrupted, the following measures are
considered first: use of the mandatory stockpiles maximization of importation wherever possible, increase of dome-stic production as last resort, restriction of con-sumption (rationing) land has no direct access to the sea. In the era of globalization tougher com-petition forces the economy to rationalize wherever possible. As a consequence, stocks are being reduced, increasing our vulnerability to supply crises.
This fact is taken into account by the na-tional economic supply.
It is focused primarily on disruptions of supply due to economic, political and other events (e.g. sabotage, disasters).
National economic supply

22 Security through Cooperation Our security policy instruments Police and protection of the constitutional order Intemal security has become more important to the citizens than extemal security.
However, the distinction between intemal and extemal security is increasingly an artificial one: Dangers to intemal security are becoming more and more related to events abroad. Therefore, intemational security cooperation is necessary for intemal security too.
Intemal security is a security policy issue insofar as it involves the fight against grave strategic dangers. Such is the case if the security of considerable parts of country and population is threatened.
The security policy mission of police and protection of the constitutional order The majority of the police are subject to the cantons. The police fight against crime and ensure public security, law and order. Operations are led by federal authorities if the cantons lack sufficient resources to cope with the events. The protection of the constitutional order helps to safeguard the democratic in-frastructure, the rule of law and the rights and liberties of the population.
It serves to identify dangers linked to violence at an early stage and prevent terrorism, extremism, espionage, weap-ons proliferation and organized crime.
Intemational cooperation Dangers and risks are becoming increasingly intematio-nal. This is also true for intemal security. Therefore, the
fight against violence, terrorism and organized crime must also be intemationalized and coordinated. Security through cooperation applies here too.
With the agreements of Schengen and Dublin, the EU has developed two effective instruments. They define controls at the extemal borders of the Union and a uniform procedure for granting asylum. These agreements help establish a European area of security. As non-member of the EU and the European Economic Area, Switzerland cannot join these agreements. As far as possible, Switzerland strives to compensate for this disadvantage by concluding bilateral agreements, in particular with its neighbours.
Organized crime such as intemational drug trafficking can only be fought through intemational cooperation.
If the resources of the civil authorities are no longer capable of maintaining security and public order, they can request assistance by the armed forces. Such armed forces engagements are always subsidiary: The responsibility for the Assistance by the armed forces operations rests with the civil authorities.
Assistance by the armed forces consists mainly in protection, logistics, and transport. Forces employed in such operations must be adequately equipped and trained.
At the federal level, protection of the constitutional order supports the police and cantonal judicial authorities.

23 23 Security through Cooperation @ Information and communications Direct communication by the responsible authorities has political significance.
As a consequence of the information revolution, the influence state authorities have on information is diminishing. This has the advantage that undemocratic govemments find it increasingly difficult to deny their population access to correct information. Conversely it has also become easier to disseminate false and misleading information.
The govemmental information agencies will satisfy the population’s need for information will communicate, within Switzerland and beyond its borders, decisions and measures conceming security policy will substitute false and misleading information with factual information The security policy mission of information In normal situations, information on security policy is disseminated through civilian media.
In special and extraordinary situations, the govemmental information agencies (Federal Chancellery, Division for Press, Radio and TV in the Federal Council’s staff, Information Regiment 1) will ensure that the population is continually informed openly and comprehensively on impor-tant issues even when the civilian media can no longer fulfil their role. Timely and relevant information can decisively con-tribute to mastering crises and disasters.
Information and communications infrastructure The information and communications infrastructure of Switzerland is ex-posed to many risks, not only in crisis situations but permanently. In princi-ple, each member of the information society is responsible for the security of his or her means of information and communications. But because of the very high level of networking, coordi-nated efforts are necessary to ensure security. The necessary structures have yet to be established – jointly by govemment, the economy and sci-ence.
The Federal Council seeks to coordi-nate efforts in the following areas: identification of vitally important facilities permanent assessment and early recognition of risks alerting increasing risk awareness of users expert training and establishing joint security measures Complete protection is not possible today. We must seek to obtain maxi-mum security at a reasonable cost.

24 Security through Cooperation Finances Security policy and its instruments must be given sufficient resources. Although the availability of financial resources does have an influence on security policy, this must not be allowed to become the de-termining factor. Security policy require-ments must be defined on the basis of Federal defence expenditures Expenditure in percent of total federal expenditures
1998:
11.5% Intemational comparison of defence expenditures Share of defence expenditures in percentage of gross national product (1997) Resources: militia ...
The citizens of Switzerland pay the price for security in the form of money (taxes) and time (compulsory service).
Several European states have recently abolished compul-sory military service for professional armed forces. How-ever, in Switzerland national circumstances and require-ments continue to favour the militia system. It is firmly an-chored in the citizens’ minds.
Switzerland will therefore maintain its militia armed forces. The militia system also has cost advantages, in comparison with professional armed forces. Moreover, it strengthens the link between armed forces and the population, and is an ex-The militia armed forces pression of the citizens’ direct respon-sibility for the state.
At the same time an increasing number of service personnel experience the limits of the militia system when they have to reconcile the demands of profession, family and compulsory service. The armed forces themselves also realize that the militia system gives rise to problems in certain areas. These relate primarily to the need for a high degree of operational readiness. If the armed forces have to conduct several missions simultaneously, the availability of manpower quickly reaches its limits with the present militia system. It must therefore be optimized.
As far as absolutely necessary the professional component will be increased, especially for the areas of peace support, advanced technology and training. the security policy situation. If the per-sonnel strength of the armed forces and of the civil protection should decrease in the future, financial requirements cannot be expected to drop to the same extent.
Security policy must ensure a reasonable relation between expenditure and results.
Financial resources must be allotted in such a way that our security policy satisfies the requirements and is as efficient as possible.
1980:
20.3%
1990:
19.1%
1995:
14.5% 2.9% France 2.7% United Kingdom 1.9% Italy 1.6% Germany 1.5% Switzerland
Austria 0.8% The framework of our security policy

25 25 Security through Cooperation ... and compulsory service Elements for a reform of compulsory military service The elements of reform aim at reducing the length of time during which a citizen is liable to serve in the armed forces. This would match the requirements of society and the economy better than the present system does.
These elements would also result in a greater readiness for some parts of the armed forces. This is necessary for both domestic operations (area protection, prevention and management of existential dangers) and for voluntary operations abroad (humanitarian assistance, disaster relief, peace support). These adaptations could be realized without a constitutional amendment.
The current organization of the compulsory service place a heavy burden on the militia. Despite this, the availability of the armed forces is very limited in peacetime.
Improvements are necessary. earlier discharge from compulsory service contractual service after completion of compulsory service (‘temporal volunteers’) for certain functions the option of doing military service within a single period increase the proportion of professional soldiers, NCO’s and officers, as far as this is absolutely necessary The militia system, universal conscription and compulsory civil protection service will be maintained, but their organization and duration will be adapted to the security-policy situation. Optimization measures will be taken in the context of the reform options presented below. These adaptations do not require a constitutional amendment. However, if compulsory duties were to be modified fundamentally, the Federal Constitution would require amendment. Three models (pp 26-27) indicate possible reforms in compulsory service.

26 Security through Cooperation Armed forces (Confederation) Civil protection (cantons) ‘Service within a single period’ Refresher courses Standby elements Reserve elements Recruit school direct assignment at conscription (healthreasons) Model A At conscription, citizens unfit for military service for health reasons would, as in the past, be assigned to civil protection (if not altogether dispensed from com-pulsory service). All citizens fit for military service would have to do basic military training (recruit school). Subsequently some of them would, however, be assign-ed to civil protection service. If necessary, transfer from the armed forces to civil protection would also be possible at a later stage, as long as not all the compul-sory service days have been fulfilled. possibly reassignment Resources: modification ...
The threat situation permits a reduction in personnel strength of the armed forces and of civil protection. This reduction can be realized by lowering the age of discharge from compulsory service.
However, concrete numbers for personnel strength can only be identified on the basis of the forthcoming guidelines for the armed forces and civil protection. Three variants for the future assignment of persons liable to serve to the armed forces and civil protection will be examined.
They have four things in common: contrary to the present situation, persons having completed their com pulsory service would no longer be liable to civil protection service all male citizens would remain liable to serve women could assume service duties on a voluntary basis each of the variants would require an amendment of the Federal Constitution Conscription joint, simultaneous Dispen-sation Civil service The framework of our security policy (Confederation)

27 27 Security through Cooperation ... of compulsory service Model B At conscription, citizens fit for service would be directly assigned either to the armed forces or to civil protection, with the armed forces’ requirements having priority. There would be no freedom of choice for being assigned to the armed forces or civil protection. However, the citizen’s preferences and aptitudes would be taken into account. Training for the armed forces and for civil protection respectively would take place separately. The main responsibility for civil protection training would lie with the cantons and municipalities.
Model C At conscription, citizens could choose between service in the armed forces and in civil protection, provided that the personnel needs of both are met.
Training for the armed forces and for civil protection respectively would take place separately. The main responsibility for civil protection training would lie with the cantons and municipalities.
Basic training for the armed forces Basic training for civil protection Freedom of Choice Armed forces (Confederation) Civil protection (cantons) ‘Service within a single period’ Refresher courses Standby elements Reserve elements Conscription joint, simultaneous Dispen-sation Civil service Basic training for the armed forces Basic training for civil protection Armed forces (Confederation) Civil protection (cantons) ‘Service within a single period’ Refresher courses Standby elements Reserve elements Conscription joint, simultaneous Dispen-sation Civil service

28 Security through Cooperation The law of neutrality The law of neutrality provides the legal basis for intemational commitments of neutral states. Legally binding are the provisions of the Hague Accord of
1907. They stipulate non-participation in wars as the most important obligation of a neutral state.
Elements of neutrality What kind of security policy commitment is compatible with the law of neutrality?
A neutral state may neither participate in an armed inter-state conflict nor give military support to any party. In peacetime a neutral state may not allow any foreign military bases on its territory and must abstain from entering any obligation for military support in a war.
The following is compatible with
the law of neutrality: participating in economic sanctions participating in peace support operations under a mandate of the UN Security Council or the OSCE, or with the consent of the conflicting parties granting transit rights for peace support operations under a man-date of the UN Security Council or the OSCE, or with the consent of the conflicting parties membership in intemational organi-zations (e.g. OSCE, Council of Europe, Euro-Atlantic Partnership Council) participating in the ‘Partnership for Peace’ programme membership in the United Nations and the European Union cooperating in military training and procurement Incompatible with neutrality are commitments containing an obligation for support in a war.
In concrete terms, the following is
ruled out: full membership in the Westem European Union membership in NATO and stationing of foreign military bases in Switzerland The intemational situation The intemational situation significantly determines the scope of neutrality policy (see right-hand page). The practice of neutrality must take the intema-tional situation into account if neutrality is to be understood and respected.
Tradition and history The policy of a state is not defined in a vacuum, but is based on traditions and history. Over the course of history neutrality has become a foreign policy norm for the Swiss authorities. This norm has been adapted and implemented according to national interests. Traditionally Swiss neutrality has also served to maintain Switzerland’s intemal cohesion.
Neutrality policy The law of neutrality, considerations regarding the intemational situation and considerations of history and tradition are translated into decisions which shape our neutrality policy. Neutrality policy is hence the result of a thorough assessment of the situation. So changing situations make the definition of neutrality policy a dynamic process.
Our neutrality ... ++ ++ == The framework of our security policy

29 29 Security through Cooperation ... adapted to the situation Neutrality policy in the 20th century 1919 Armed escorts of the Swiss Armed Forces protect the transport of goods through Eastem Europe.
1920 Differential
neutrality:
Switzerland joins the League of Nations.
1928
Integral neutrality:
The failure of the League of Nations’ sanctions against Italy cause Switzerland to retum to integral neutrality.
1939 At the outset of World War II the Federal Council reaffirms Switzerland’s neutrality and mobilizes the armed forces to protect its independence.
1953
Since 1953 Switzerland has provided observers for the armistice line in Korea.
1990 Switzerland takes part in economic sanctions against Iraq, thereby deviating from integral neutrality.
1995 Switzerland grants transit rights for equipment and personnel to the intemational peace force IFOR/SFOR for Bosnia and Herzegovina.
Switzerland also provides a logistic unit for Bosnia (yellow berets).
DOCUMENTARY RARITY: photograph of a Swiss military escort in August 1919 in front of the Russian Church in Warsaw.
New situation, new responses: The room for manoeuvre of neutrality policy has changed repeatedly during the 20th century.
Intemational changes called for new responses.
The neutrality policy of Switzerland was never something immutable. The policy Switzerland practised was always in keeping with the intemational situation.
Obviously, the scope of our neutrality pol-icy was very limited during World War II.
Surrounded by the Third Reich, Switzer-land mainly emphasized its independence.
The situation after World War II allowed for a more active engagement in the spirit of solidarity. Switzerland made use of these opportunities, for example by taking part in peace-keeping operations or in the Partnership for Peace programme.
That Switzerland sovereignly used its security policy scope, was evident already in 1919. At that time the Swiss Govem-ment – with the consent of all govemments concemed – sent armed military escorts to Eastem Europe. These escorts were assigned to protect the transport of goods from the Swiss textile industry.
1999 During the Kosovo war the Federal Council refuses to grant transit rights for NATO air combat units.
Switzerland provides humanitarian assistance and its armed forces provide air transport.
The scope varies

30 Security through Cooperation Strategic leadership The activities of numerous instruments – situated in various federal departments and at different levels – must be coordinated to ensure our security: Strategic leadership is necessary. The newly created Security Steering Group assists the Federal Council in this task.
Coordination of the intelligence services The Security Steering Group is a staff of the Federal Council.
It includes as permanent members the top officials of the federal departments responsible for security affairs. If necessary, non-permanent members from cantons and scientific experts will be integrated. The Steering Group will contribute to an early identification and improved management of major security problems. It will monitor the situation and its possible evolution. It will identify dangers and risks, but also opportunities to counter them as early as possible, and work out what the options are and what measures should be taken. Another important task of the Steering Group will be applying comprehensive and flexible security cooperation to our own security policy instruments.
Assess the situation ... ... identify possible threats ... ... work out our options.
Refugee drama in Kosovo.
Terrorist attack of 1997 in Luxor.
Security risk of PKK protests.
The post of a coordinator for intelligence cooperation will be created within the federal administration. This coordinator will belong to the Security Steering Group and have the support of a small office for early situation assessment. The coordinator will ensure that the Security Steering Group – and thereby also the Federal Council – receives the relevant information in time, so that it can effectively assume strategic leadership.
The framework of our security policy

31 31 Security through Cooperation The way ahead: milestones of our new security policy Security policy is not just a matter for the armed forces and civil protection. Our security policy instruments include foreign policy, economic policy, national economic supply, police, protection of the constitutional order and information.
However, armed forces and civil protection are the instruments with the greatest need for reform. The Report 2000 on Security Policy provides the basis for these reforms.
The projects for reforming the armed forces and civil protection are currently in the planning stage. Respective guidelines will be presented in the year 2000. Implemen-tation of reforms is planned for 2003.
Amendment of the legal bases, possibly also amendment of the Federal Constitution.
Reform project Civil protection Partial projects Draft for guidelines: political decision by the Federal Council Defence guidelines Armed Forces XXI Deliberation in Parliament Guidelines Civil Protection Deliberation in Parliament Reform project Armed Forces XXI Prospective studies Conceptual studies Draft for guidelines: political decision by the Federal Council
June 1999 The new report on Swiss security policy is published.
It is the strategic basis for reforming the armed forces and civil protection. It is submitted to Parliament for attention.
August 1996 Federal Councillor Adolf Ogi tasks the ‘Study Commission on Strategic Issues’ with the definition of Switzerland’s current position in security policy.
February 1998 The report of the ‘Study Commission on Strategic Issues’ is published.
September 1998 The Federal Council defines political guidelines for the elaboration of the new report on Swiss security policy.

32 Security through Cooperation Types of puplication The Report 2000 on Security Policy can be obtained in 3 different versions in
various languages:
Complete reference number German
97.667 d French
97.667 f Italian
97.667 i English
97.667 e Summary (brochure) this edition reference number German
97.668 d French
97.668 f Italian
97.668 i English
97.668 e Flyer (prospectus) reference number German
97.673 d French
97.673 f Italian
97.673 i English
97.673 e They can be obtained free of charge from
SFOBL/EDMZ
3003 Bem Only written orders will be accepted.
Form 97.668 e 10.99 10 000 VBS 99697 ©1999/2nd edition General Secretariat DDPS Report and brochure have also been published on the intemet under www.vbs.admin.ch"
swiss_defense_599,swiss_defense,599 Switzerland switzerlands security 2022.txt,en,"SWITZERLAND’S SECURITY2022SWITZERLAND’S SECURITYFederal Intelligence Service FISPapiermühlestrasse 20CH-3003 Bemwww.ÿs.admin.ch / info@ndb.admin.chSituation Reportof the Federal Intelligence ServiceSituation Report of the Federal Intelligence Service FISSWITZERLAND’S SECURITY 2022SWITZERLAND’S SECURITY 2022CMYCMMYCYCMYKai165590245256_NDB_Umschlag Lagebericht 2022_20220603.pdf 1 22.06.2022 14:54:15
SWITZERLAND’S SECURITY 2022

Situation Report of the Federal Intelligence Service

Table of contents Rethinking Security Policy 5 The situation report in brief 9 Strategic environment 17 Jihadist and ethno-nationalist terrorism 37 Violent extremism 47
Proliferation 55 Illegal intelligence 63 Threat to critical infrastructure 71 Key figures 81 List of abbreviations 91


Rethinking Security Policy

Russia's war of aggression against Ukraine has prompted a rethinking of security policy. In February 2022, President Vladimir Putin shattered the European security order as we know it. However, the Ukraine war also threatens the global order, which is dominated by strategic rivalry between the USA and China.
The security situation in Europe has changed significantly. The Westem response to the direct military threat posed by Russia has become a security policy priority. A new security framework is currently taking shape in Europe.
The FIS has been advising of the increasing threat from Russia for some time now in its situation analyses. The Federal Council pointed out in its report on security policy in November 2021 that Russia was acting in an increasingly confrontational manner and might even provoke an armed conflict in Europe. The report also stated that Russia could create military facts that would lead to an escalation. Unfortu.nately, just a few weeks later these key statements proved to be correct.
Kyiv is only 1,730 kilometres from Bem as the crow flies. The war affects many aspects of security policy here, too, from questions of defence, security of supply and refugee movements to influencing activities and cyber attacks, but it also has economic consequences. In a world that has become more insecure, security is once again a precious commodity. For precisely this reason, it remains the task of the FIS to keep an eye on other threats such as terrorism, violent extremism, cyber attacks, espionage and proliferation.
We are witnessing a tuming point that is rocking the very foundations of the security framework in Europe and changing it forever. In 2022, Switzerland has shown a clear commitment to the Westem community of values – in the future, it will also be important for us to contribute to European security, from which Switzerland also benefits.


Viola Amherd, Federal Councillor Federal Department of Defence, Civil Protection and Sport DDPS

The situation report in brief

In February 2022, with its war of aggression on Ukraine, Russia not only committed a gross violation of intemational law, but also definitively destroyed the decades-old European security order. The risk of a direct military conflict between Russia and NATO has increased. In Europe, the war in Ukraine has triggered a rethink of security policy: Finland and Sweden have submitted applications to join NATO, the EU wants to take on greater strategic responsibility, European states are prepared to increase their defence spending substantially, and the views of Westem Europe, Eastem Central Europe and the USA on Russia and China have converged.
Erosion of the European security order had been taking place for some time, but, like the Covid-19 pandemic, the Russian invasion has accelerated and amplified existing security trends, in particular the competition between the great powers. .
The global order continues to be shaped by strategic rivalry between the USA and China and signs of an imminent division of the world into two spheres of influence, one American and one Chinese. The confrontation between liberal Westem states and China, but also Russia, makes a common response to global challenges more difficult.

.
Russia wants to reintegrate Ukraine firmly into the Russian sphere of influence. However, the war has given a boost to Ukrainian national identity. The Westem sanctions are not yet having a regime-threatening effect, and at present it still seems unlikely that the Russian security institutions will renounce their support of the regime.

.
Despite the current confrontation with Russia, the USA wants, as far as possible, to continue to focus on China, which it perceives as its only near-peer strategic rival. Containing Russia and strengthening NATO's eastem flank will, however, initially tie up more US resources than had been planned, even though the European states seem ready for a better-balanced transatlantic burden-sharing.

.
China will probably not tum its back on Russia, but wants to avoid a rift with the Westem states. The Westem states do not want a rift either, as this would lead to economic difficulties on both sides. President Xi Jinping wants to secure China's rise as a global economic and technological power at all costs.

.
Espionage is an ever-present phenomenon – espionage activity is already at a high level and is continuing to increase. Geneva, as an intemational centre, remains an espionage hotspot. Recently, various European states have expelled Russian intelligence officers, which might lead the Russian services to deploy their forces in states, like Switzerland, which have not carried out any expulsions.

.
Strategic arms control between the USA and Russia is at a standstill; China will not engage in strategic arms control. The superpower rivalry also works to the benefit of North Korea, as here, too, the USA and China will not cooper.ate – economic measures alone will not force the regime to give up its nuclear weapons programme. Iran, for its part, is becoming a nuclear threshold state, but is unlikely, unless compelled by extemal factors, to re-establish a nuclear weapons programme –there are currently no indications for an agreement to revive the Joint Comprehensive Plan of Action.

.
In conflicts in general and in warfare in particular, cyber activities are always to be expected. For example, the US, the UK and the EU have attributed cyber attacks on commercial satellite communication networks at the end of February 2022 to Russia. Russian cyber operations against public and private Ukrainian networks have been going on since January 2022. During the retreat of Russian forces in the north of Ukraine in mid-April 2022, hackers – probably part of the Sandworm group attributed to Russia’s military intelligence service GRU - attacked Ukrainian electric power supply systems.

.
Non-state actors, especially Westem technology companies, are playing an increasing role in security policy. One example of this is Ukraine's use of the intemet access provided by the Starlink satellite infrastructure for drone attacks on Russian tanks. Microsoft has helped the Ukrainian govemment and Ukrainian com.panies to identify and eliminate threatening activities against Ukrainian networks.

.
Social polarisation and fragmentation bring with them the risk of violent extremism. Violent Covid extremism is an example of this. However, as the pandemic comes to an end, it is likely that this form of extremism will calm down and diminish. Violent left-wing and right-wing extremists remain the primary threat.



Situation radar tool The FIS uses a situation radar tool to depict the threats affecting Switzerland. A.simplified version of the situation radar, without confidential data, has also been incorporated into this report. This public version lists the threats that fall within the responsibilities of FIS, with the addition of the topics ‘Migration risks. and ‘Organized crime., which are relevant for security policy. This report however, does not cover these two categories; for more information readers are referred to the reports of the relevant federal authorities.

Strategic environment

What does the FIS see?


Europe: marked by Russia's war
On 24 February 2022, Russia started a war of aggression against Ukraine, thereby not only committing a gross violation of intemational law, but also destroying the decades-old European security order, which was negotiated in 1975 but had been subject to erosion for some time. This order was based primarily on the principles of peaceful conflict resolution and the inviolability of borders in Europe.
The war also threatens the global order, which is shaped by strategic rivalry between the USA and China and signs of an imminent division of the world into two spheres of influence. In previous annual reports, the FIS has already emphasized the retum of geopolitics and power politics, as well as the growing rivalry between the USA and China and the formation of two spheres of distinct norms and values as dominant global security trends. Lately, the anti-Westem partnership between China and Russia has become closer – a trend that the watershed developments of 2022 are likely to reinforce. The confrontation between liberal Westem states and China and Russia, together with weakened and obstructed multilateral institutions, makes a common response to global challenges, such as terrorism, nuclear prolif.eration, pandemics or climate change, more difficult. The political and increasingly military confrontation also threatens to deepen the ideological/cultural divide. The concept of the liberal West is to be understood in terms of civilisation, rather than geography: in the USA-led Westem liberal camp, Japan, South Korea, Australia and New Zealand also play an important role, not only vis-à-vis China, but also in sanctions against Russia.
Like the pandemic before it, Russia's war has accelerated and reinforced security trends. The pandemic has increased the strategic rivalry between the USA and China and hardened Europe's image of China. Perceptions of the threat posed by China, which differed on the two sides of the Atlantic, have converged; like the USA, the EU and the European NATO allies now attach a higher weighting to the strategic aspects of China's rise to global power status. Similarly, the war in Ukraine has prompted new thinking in Europe: the EU has adopted several sanctions packages, in particular in the financial and economic spheres, announced an aid package to stabilise Ukraine financially and economically, supplied lethal assistance to the Ukrainian armed forces for the first time, and been quick to grant temporary protection to refugees. With its adoption of the Strategic Compass in March 2022, the EU has set out an action plan to strengthen the EU's security and defence policy.
Germany has performed a U-tum in its policy towards Russia and announced a massive increase in its defence spending. Sweden and Finland have submitted applications to join NATO. The military threat to Europe from Russia has once again become a more pressing concem. This is leading to a shift in attitudes in discussions on security policy in Europe. The EU, together with NATO, will probably emerge from this crisis strengthened in its role as a security actor, while other institutions in Europe's security architecture, such as the Organization for Security and Co-operation in Europe (OSCE) and the Council of Europe, will be weakened.
In 2022, Russia became a pariah state, politically, socially and culturally isolated not only by Westem states. In the UN General Assembly, only Belarus, Syria, North Korea and Eritrea supported the Russian position. The Westem sanctions are aiming to largely exclude Russia from world trade, the global financial markets and foreign investment. Isolated and militarily and economically weakened, Russia under the current regime will be a problematic and dangerous actor for years to come. However, the impact of the liberal West’s policy of containing Russia will be mitigated by the fact that major powers such as China and India, in particular, will tend to strengthen, or at least maintain, their relations with Russia Switzerland's security environment, which in tum has a decisive influence on our country's threat situation, has changed markedly in just a few months. For decades, Switzerland has profited from the European security order and the rules-based global order. Security policy in general and the role of defence in particular are once again gaining in importance, after having been overshadowed by other policy areas in recent decades, particularly in Europe. Besides the security implications, Russia's and China's conduct also has massive consequences for the global economy. For example, the Food and Agriculture Organisation has expressed its grave concem about the fact that the war in Ukraine is endangering food security worldwide, as Ukraine and Russia are two of the world's most important exporters of grain and other agricultural products. One of the side effects of life-threatening food shortages may be growing instability in the countries concemed and increased migration pressure. Furthermore, China's zero-Covid policy is causing ongoing disruptions in the intemational supply chains.
Russia: war to decide the future of Ukraine
For 20 years, Ukraine has been in the focus of President Putin’s strategic vision. The Orange Revolution of 2004 made him see a pro-Westem outlook in Ukraine as a potentially influential counter-model to Russian autocracy. In 2014, the Russia-Ukraine conflict escalated with the annexation of Crimea. As in Soviet times, the intention is to integrate Ukraine firmly within Russia's sphere of influence. President Putin is strongly ideologically driven: he sees the Ukrainian state as a historical mistake and the Ukrainian nation as non-existent; for him, large parts of Ukraine are historically Russian territory. Ukraine's geostrategic position is also a factor: Russia wants to control Ukraine, or at least to prevent it escaping from Russia's influence and drawing closer to Westem states. Furthermore, the heavy industry in the east of the country is of economic interest to Russia.
President Putin's original plan of a lightning offensive on three fronts failed. Russia overestimated its own military capabilities and underestimated Ukrainian forces and their willingness to defend their country. It therefore adapted its military tactics. After approximately one month, Russia abandoned the advance on Kyiv and concen.trated its forces on the expansion and control of its territorial gains in the east and the south. At the time this report went to press, the outcome of the war of attrition in Ukraine was still uncertain.
USA: repaired transatlantic relations and global leadership role Although the Biden administration had to concentrate heavily on domestic issues in 2021, it did succeed in distancing itself clearly from President Trump's America First policy in its foreign and security policies. Traditional allies in Europe and Asia were reassured of America's leadership role. Under the ‘Biden doctrine., the USA aims, within an alliance of global democracies, to counter the systemic challenge from China. The over-hasty withdrawal of the USA from Afghanistan led to the only major foreign-and security-policy crisis of President Biden's first year in office. However, the domestic political damage was limited, as there has long been bipar.tisan support from a large majority in America for an end to the ‘endless wars. in the Middle East. Under President Joe Biden, the USA's engagement in the Middle East has been further reduced, although it is still considerable, not least due to the continuing tensions with Iran.
In 2021, the USA committed itself to continued strong military engagement in Europe. President Trump's plans for a massive withdrawal of American troops from Germany were cancelled. The Biden administration sought to stabilise confronta.tional relations with Russia through regular high-level dialogue, partly in order to be able to devote more attention to its strategic pivot toward Asia. These efforts were, however, thwarted by Russia's aggressive approach towards Ukraine.
In the winter of 2021/2022, the Biden administration took the lead in Westem dealings with Russia, which had previously been led by Germany under Chancellor Angela Merkel. Ultimately, however, the efforts of Westem states to deter President Putin from invading Ukraine failed. The USA responded, in close coordination with the EU, the UK, Canada, Japan and other countries, with far-reaching sanctions and export control measures against Russia, intensified military aid to Ukraine and measures to reassure exposed NATO states. In addition, the USA diverted supplies of liquefied natural gas (LNG) from Asia to Europe, so that in January 2022 three-quarters of American LNG exports went to Europe. This meant that for the first time, Europe received more American LNG than Russian gas. However, there is no prospect of largely replacing Russian gas with American gas in Europe in 2022, not least because it is first necessary to expand LNG terminal capacity in Europe. The EU is aiming to stop imports of fossil fuels from Russia by 2030 at the latest.
The USA has strictly ruled out direct military intervention in the war in Ukraine with its own troops. The Republicans have so far largely supported the Democratic administration's tough policy on Russia – an exception in today's otherwise highly polarised USA.
China: autocracy a fundamental challenge to the West President Xi Jinping wants to secure the Party's power and China's rise as a global economic and technological power at all costs. Although there is discontent in some circles about his political course, the security apparatus suppresses any criticism of his leadership. Westem states are increasingly determined in their reactions to President Xi's autocratic China. They are trying to free themselves from economic dependencies, upgrading their relations with Taiwan or expressing clear criticism of China's conduct in Hong Kong, Tibet and Xinjiang. Concem about China's growing global influence is spreading and is further increased by China's repeated emphasis on its partnership with a belligerent Russia. The country's unprecedented economic growth, driven successfully by the Communist Party of China's controlled market economy model, China's handling of human rights and its refusal to condemn the Russian war of aggression fundamentally call into question the way Westem states have previously dealt with China.
Domestically, President Xi has installed high-ranking loyalists in key positions and extended his power over strategically important party and state structures. However, increasingly clear signs of possible fractures in China's development are surfacing. China is struggling with historically low population growth and an ageing society. With falling economic growth, levels of debt are rising. Liquidity crises in the Chinese property sector are highlighting structural defects in the Chinese economy. The country's strict zero-Covid policy is causing discontent among the population and is also hampering growth.
With regard to its territorial claims, China has taken an uncompromising stance. It ratchets up the threat of military action against Taiwan year on year, and to a large extent it now acts as the leading regional power in the South China Sea. As the com.mander-in-chief of the armed forces, President Xi attaches great importance to their modemisation. By 2049, when the People's Republic will be marking the centenary of its founding, the aim is for the People's Liberation Army to be able to compete with the world's best armed forces. To this end, the capabilities of all branches of the armed forces are being expanded. For example, China is constructing over 300 new silos, which could be equipped with intercontinental ballistic missiles once they are completed. In numerical terms, the Chinese navy now has the largest fleet in the world. Together with China's growing capabilities in the high-tech field, it is developments such as these which are increasingly underpinning China's claim to leadership in the region.
Africa and the Middle East: a belt of instability
Since 2021, Africa has been the scene of a wave of political upheavals, in coun.tries including Mali, Sudan, Chad, Guinea and Burkina Faso. The armed conflict in Ethiopia is a danger not only to the unity of the country but also to regional stability, as Ethiopia plays a key role in peacekeeping measures in East Africa, especially in Somalia. A belt of instability thus extends across the entire Sahara and Sahel region as far as the Hom of Africa. This instability is exacerbated by the rise of a grass-roots anti-West movement in the Sahel region and the withdrawal of European armed forces from Mali. Ostensibly private actors on the ground, such as the Russian Wagner Group, also play an important role here.
The belt of instability, fomented by weak economic conditions, intemal social tensions and an unstable security environment, continues across Syria as far as Afghanistan. In the conflict between Russia and the West, most of these states are trying to choose a pragmatic, primarily interest-based approach, although complex historical ties also play a role. Automatic solidarity with the Westem states cannot be counted on. Westem states have exerted pressure on states in the region to distance themselves from Russia. The USA and Italy have also asked Algeria to increase gas exports to Europe. Israel and Türkiye are attempting to mediate in the war between Russia and Ukraine. Russia is currently maintaining its military presence in the region, despite the clear priority it attaches to the war in Ukraine. For the time being, deconflicting mechanisms, such as those used with Israel in the Syrian war, continue to function.

NATO’s eastem border following accession of Finland and Sweden


Overview of axes of attack and control of areas in the Ukraine war


USA: Allied and strategic partners in the Pacific


What does the FIS expect?


Europe: a new era is beginning The pandemic and the war in Ukraine have accelerated and reinforced existing global strategic trends. The strategic rivalry between the USA and China will remain the defining element of intemational relations. Meanwhile, the USA will try, despite the current confrontation with Russia, to continue as far as possible to focus on China, which it perceives as its only near-peer strategic rival. The world is increasingly dividing into two camps, with the Westem liberal world, led by the USA and together with the EU, confronting the autocracies of China and Russia. Westem hopes that, in a globalised world, trade relations would prevent military confrontations have not been fulfilled.
The pandemic had already made Westem states aware of their dependence on imports from China and their corresponding vulnerability, and this had triggered a process of selective ‘decoupling. of the two economic spheres for security reasons. Massive US sanctions against Russia, closely coordinated with the USA's Westem partners, are also leading to the decoupling of the Westem and Russian economies. Economic relations between the two diverging spheres will be signifi.cantly reduced, especially in the field of technology, though to nowhere near the low level seen between East and West during the Cold War. On the other hand, intemal transactions within the increasingly integrated camps of the Westem liberal world and the Chinese-Russian bloc will tend to increase.
This formation of two relatively independent camps with differing technolo.gies and differing political, social and economic norms presents a challenge to Switzerland as a neutral country.
In 2022, a new security framework is taking shape in Europe: Sweden and Finland want to join NATO. The EU and its member states, in particular Germany, want to take on greater strategic responsibility and to this end are prepared to increase defence budgets massively and to take increasingly coordinated action.
Russia: preservation of the regime at all costs Russia is aiming to reshape the security order in Europe in its own interest: driving NATO out of Eastem Europe, securing Russian zones of influence and establishing buffer zones. For President Putin, however, it is first and foremost about holding on to power. Following its invasion of Ukraine, Russia has become isolated, both economically and politically. Intemally, the Putin regime has reacted by taking further steps towards a totalitarian state; toward the outside world, a tightening of its aggressive, revisionist policies threatens. The majority of the Russian power and business elite supported President Putin's war in Ukraine in the weeks and months following the start of the invasion.
The Westem sanctions entail the economic, technological and political isolation of Russia. The Russian central bank can now access only around one-third of its foreign exchange and gold reserves of some 650 billion dollars, because the rest has been frozen outside Russia in Westem countries. Russia's gross domestic product may plummet by a double-digit percentage in 2022. Russia therefore faces an imminent recession or depression. Gazprombank has not yet been excluded from the Swift system. The sanctions have not yet had a regime-threatening effect.
President Putin will be able to secure the support of the broad population thanks to propaganda and censorship, as well as a systematically established and loyal apparatus of repression, which is used to suppress protests in cities swiftly and violently. It is fairly unlikely that the Russian elite and population will tum against the war in Ukraine, or that the Russian security agencies will renounce their support of the Putin regime.
Nonetheless, the course of the war is anything but encouraging for the Putin regime. The original political aim of bringing Ukraine back into the Russian empire has long since been put out of reach by the war. The war will fix the idea of Russia as the enemy in the minds of generations of Ukrainians and has given a boost to Ukrainian national identity. At the moment, it seems that the military situation is not allowing either side to achieve their respective maximum objectives.
USA: uniting the free world against China and Russia For the USA, China remains the principal strategic challenger. The Biden adminis.tration is continuing its pivot toward Asia, even though the reinforcement of NATO's eastem flank will tie up more resources in Europe than had been planned at the beginning of 2021. However, it remains unclear whether future administrations will adhere to the USA's traditionally dominant role in the defence of Europe. Uncer.tainties relating to this must continue to be taken into consideration.
The risk of a direct military conflict between NATO and Russia has increased, triggered, for example, by unintentional military incidents. The risk of a nuclear esca.lation has also risen – even though the FIS still considers the use of Russian nuclear weapons against Westem states to be extremely unlikely, since this would probably only be considered in case of a threat perceived as existential by the Russian leadership.
NATO has already reacted and instructed its military planners to adapt the alli.ance's deterrence and defence strategy to the new situation. Whereas NATO's military strategy since 2014 has been based on a combination of forward presence, rapid deployment capacity and follow-on forces (after a prolonged mobilisation phase), i.e. on deterrence through punishment, in future NATO is likely to deter Russian aggression on its eastem flank by means of a denial strategy, i.e. with substantial forward deployment on NATO's eastem flank, similar to the Cold War.
The increased military presence of the USA and other Westem states on the eastem flank marks the beginning of a significantly more credible NATO deterrence and defence strategy. The European states also seem to be increasingly ready for a better-balanced transatlantic burden-sharing. Germany and Italy have committed them.selves to spending two per cent of their gross domestic product on defence, Poland to as much as three per cent. Other NATO members such as Belgium, Denmark, Greece and Romania have also announced substantial increases in their defence expenditure.
While the USA aims to deter Russia in Europe mainly through the NATO defence alliance, in the Indo-Pacific region it relies primarily on bilateral alliances and part.nerships vis-à-vis China. This network is complemented in particular by the trilateral security partnership of the USA with Australia and the UK (Aukus) as well as the Quadrilateral Security Dialogue of the USA with Australia, Japan and India, within the framework of which the four partners aim to strengthen their position vis-à-vis China through broad-based and substantially non-military cooperation. While non-aligned India seeks strategic backing from the USA vis-à-vis China, it has so far shown itself to be unwilling to support the USA's hard line on Russia. Like India, ambitious regional power Türkiye is also trying to avoid applying the logic of bloc-alignment: while the NATO member did condemn the Russian war in Ukraine, it does not support Westem sanctions against Russia and is, for the time being, blocking Finland’s and Sweden’s accession to NATO. Türkiye is also attempting to mediate between the warring parties.
The biggest geopolitical unknown at the moment is the degree of support which China will give Russia. If China were to help Russia to circumvent the Westem sanctions on a large scale, as a consequence the USA would probably increase the pressure on its European allies to sanction China as well. However, Europe, in particular Germany, is more dependent on trade with China than the USA. China supports the principles of territorial integrity and national sovereignty violated by Russia in Ukraine. In addition, both China and the Westem states want to avoid a rift, as this would lead to economic difficulties on both sides.
Nonetheless, from the US point of view, the war in Ukraine has reinforced the necessity of containing China and Russia simultaneously. In 2022, it is receiving more support with this task from its European and global partners than previously. At least in the short term, the pandemic and the Ukraine war have united the Westem liberal camp led by the USA and strengthened it in its strategic rivalry with China. In the technology sector, in particular, export controls, sanctions and investment monitoring in strategically important areas such as artificial intelligence and quantum technologies are increasingly leading to the establishment of two technological spheres.
China: precarious pact with isolated Russia At the 20th Party Congress at the end of 2022 and the subsequent People's Congress, head of state and Party leader Xi Jinping is likely to extend his term of office beyond the usual ten years. The Party will present President Xi as the only leader capable of leading China to superpower status in these crisis-riven times. The Congress will be appointing the members of the most influential Party committees. President Xi will use this opportunity to promote loyalists and to set new policy priorities.
The fact that China does not condemn the Russian invasion of Ukraine will harden attitudes toward the People's Republic in Westem states and give momentum to those political forces pushing for a more confrontational approach toward China. China's ideological orientation will thus increasingly become a key area of tension in the close trade relations between Westem states and China. China will present itself to the outside world as a neutral observer of the war in Ukraine which is committed to peace and which selectively loosens its close ties to Russia a little for tactical reasons. Intemally, the Communist Party of China will continue with its pro-Russian rhetoric and propaganda; it will place the full responsibility for the war on the USA and NATO. The systemic rivalry with the USA and Westem states will thus be further intensified and dampen the prospects of functional cooperation on global challenges. It is unlikely that China will tum its back on Russia – in part due to the prospect of cheap raw materials. For China, the USA still presents the main extemal challenge. Representatives of the Chinese leadership perceive the USA's Indo-Pacific strategy as being just as dangerous as the NATO strategy of eastward expansion in Europe. Dissolution of the strategic partnership with Russia would neither eliminate nor diminish the areas of conflict with the USA.
With regard to its territorial claims, China takes the long view: its approach in the South China Sea, for example, demonstrates how China is able to unerringly impose its will, while at the same time always managing to stay below the threshold of escalation to armed conflict. China will also pursue this strategy in other conflicts. As the Chinese armed forces continue to reform and modemize, they will become increasingly self-confident and will in selective instances also be deployed at greater distances from mainland China for foreign-policy and security purposes. However, China will continue seeking to avoid military confrontations. The pressure that China exerts on Taiwan will continue to grow; in addition to increasing the threat of military action, however, China will primarily use economic and diplomatic means. For the time being – and in the light of the way the Russian invasion of Ukraine has unfolded – a successful military invasion of the island remains too great a challenge for the People's Liberation Army.
Africa and the Middle East: migration pressure and rising bread and petrol prices The failure of political transition processes in Africa could lead to increased migration pressure toward Europe. At the global level, this same trend could open the door to major and regional powers like Russia, China, Türkiye and Saudi Arabia seeking to further increase their influence in Africa and the Middle East. At the same time, the USA and France are reducing their presence in these regions. In 2022 and beyond, the Westem states will be heavily preoccupied by Russian aggression in Europe – while regional crises such as the conflict in the Middle East or the Sahel, the humanitarian situation in Afghanistan, Syria and Yemen, the financial and economic crisis in Lebanon and the threat of famine in the Hom of Africa will receive even less intemational attention.
Some states in the Middle East will continue to pursue their goal, set before the war, of avoiding unilateral dependence. The war in Ukraine has led to sometimes drastic rises in food and petrol prices. Many states in Africa and the Middle East are highly dependent on wheat and energy imports from Ukraine and Russia, some up to 80 to 90 per cent. Although wheat imports from Russia are not yet subject to sanctions, it has become difficult for importers to obtain wheat from Russia, as financial transactions with Russian companies have become more complicated and many shipping companies are boycotting Russia.
Lebanon, Syria, the Palestinian territories, Jordan, Yemen and Tunisia are also suffering economically due to the rise in oil and gas prices. This could lead to social unrest, increased instability and additional conflicts in the region. By contrast, oil-and gas-exporting states are profiting from the higher oil price.

Russia: Influential groups in the apparatus of power


China: Territorial claims




Jihadist and ethno-nationalist terrorism

What does the FIS see?

Elevated terrorist threat Since the attack in Vienna on 2 November 2020, no further terrorist attacks that were clearly linked to a jihadist organisation have been carried out in Europe. The nature of violent acts identified as Islamist has also changed significantly since then. For example, twelve acts of violence carried out using very simple methods were recorded, the majority of them knife attacks.
The FIS assesses the terrorist threat in Switzerland to be elevated. The threat emanates primarily from the jihadist movement, and in particular from individuals who have been inspired by jihadist propaganda. ‘Islamic State. and al-Qaeda are the major exponents of the jihadist movement in Europe and are thus also central to the terrorist threat in Switzerland. .
The core organisation of ‘Islamic State. in Iraq and Syria has successfully reorgan.ised and consolidated itself as an underground movement following the loss of its last territories in spring 2019. It continues to pursue an intemational agenda, but is increasingly acting opportunistically. However, neither the core organisation in the Middle East nor its affiliated regional groups worldwide currently really have the capabilities to plan and carry out attacks in Europe independently.

.
The latent threat posed by al-Qaeda persists. It still harbours the intention of carrying out attacks on Westem targets. Al-Qaeda is likely to benefit from the takeover of power by the Taliban in Afghanistan and might be able to regenerate itself. This would have a positive impact on al-Qaeda’s collaboration with affiliates and associated groups. Although the latter preach global jihad, they are still focussing on their regional agendas. They still have considerable influence in their main areas of operation.


Terrorist actors could opportunistically attack a Swiss target in this country or abroad or foreign interests in Switzerland. The most likely terrorist scenario in Switzerland at present is an act of violence carried out by a jihad-motivated lone perpetrator with a very simple modus operandi. The war in Ukraine has not so far had any direct impact on the terrorist threat in Europe and Switzerland.
Release of numerous radicalised prisoners European prisons contain hundreds of jihadists and individuals, who have radical.ised during their time in prison. Released prisoners may continue to adhere to jihadist ideology and after their release from prison may support terrorist activities or carry out such activities themselves. In Switzerland, as elsewhere, there are prisoners who have been convicted of crimes linked to terrorism and there are cases of radicalisation in prison. The FIS carries out awareness-raising as part of its training of prison staff, in order to enable them to detect and assess possible cases of radicalisation early on and to take appropriate measures.
Threat from jihad retumees Hundreds of jihad-motivated travellers from Europe still remain in the conflict areas in Syria and Iraq, the majority of them in prisons or camps in north-east Syria controlled by Kurdish armed forces. Among them are several individuals from Switzerland. The situation in the prisons and camps is precarious and unstable. Retumees from jihad areas pose a threat to the security of Switzerland. The greatest risk is assessed to be the potential of influencing other people around them and inspiring them to commit acts of violence.
Many European states have repatriated jihad-motivated individuals – almost exclusively women and children – from Syria and continue to do so. In December 2021, Switzerland repatriated two girls from a camp in north-east Syria. This was the first such repatriation to Switzerland. This was in line with the Federal Council's decision of March 2019, keeping the interests of the children's welfare in mind and after having conducted relevant checks, to repatriate minors. In 2021, Kosovo and North Macedonia were the only countries also to repatriate men directly from Syrian jails. The majority of these are likely to have been ‘Islamic State. fighters. In view of the large diaspora community in Switzerland and its close ties to the Westem Balkans, such repatriations also present a risk to Switzerland.
The many faces of jihadist terrorism in Africa The primary links between African jihadist groups and their respective core organisation, ‘Islamic State. or core al-Qaeda, are at the propaganda and strategic levels. The regional affiliates are local or regional in nature. The way the threat is evolving varies from region to region: while jihadist groups are gaining ground in West, Central and East Africa, the terrorist threat in North Africa has decreased and remains static. Despite their primarily regional agendas, these groups are prepared to carry out attacks on Westem targets in the region or to abduct nationals of Westem states, should the opportunity presents itself.
PKK's dual strategy The Kurdistan Workers' Party (PKK) has been professionally organised in Europe for decades and pursues a long-term dual strategy with its parallel structure: alongside a visible legal and political arm with local cultural associations and large numbers of sub-organisations, it has a well-established and organised cadre, which operates covertly and sometimes illegally. The PKK indoctrinates young members and recruits selected individuals as future members of the cadre in Europe and for deployment at the front in the Kurdish regions. The parents of these individuals, even those who have close links to the PKK, occasionally object.
Lebanese Hezbollah In countries with a large Shnte Lebanese diaspora community, Lebanese Hezbollah promotes cohesion in the community through cultural and religious activities. The scale of the threat emanating from Hezbollah depends first and foremost on the situation in the Middle East. Hezbollah wants to be ready to act when it feels that the military/political developments in the region require it to do so. This relates primarily to the confrontation between Hezbollah and its ally Iran and their respective enemies.

Attacks in Europe (Shengen area and UK since 2021)


Relative strength of terrorist groups linked to ‘Islamic State‘ or al-Qaeda worldwide


What does the FIS expect?

More diffuse terrorist threat The FIS's assesses that the terrorist threat is becoming more diffuse, because it is increasingly emanating from individuals acting autonomously and who have no direct links to ‘Islamic State. or al-Qaeda. In 2022, jihad-motivated lone perpetrators carrying out spontaneous acts of violence requiring little organisational or logistical outlay still pose the greatest threat. Attacks on soft targets such as transport facilities or gatherings of people remain the most likely scenario. It will no longer be possible to determine the motivation of the perpetrators in every case, because it is increasingly likely that individuals who perpetrate acts of violence, though inspired by Islamism, will be led to do so because of psychological or other personal problems.
Neither the core organisation of ‘Islamic State. in Iraq and Syria nor its affiliated regional groups worldwide currently really have the capability to plan and carry out attacks in Europe independently. ‘Islamic State. continues to pose a threat to Europe insofar as its propaganda disseminated online is still able to inspire individuals in Europe to commit violent acts. In addition, there is still a risk of former ‘Islamic State. fighters tuming up in Europe. The latent threat posed by al-Qaeda persists. It still harbours the intent to carry out attacks on Westem targets. Its affiliates and the groups associated with it continue to pose a threat in that, if the opportunity presents itself, they are motivated to carry out attacks on Westem targets or to abduct nation.als of Westem states in their main areas of operation. The FIS assesses that the war in Ukraine and the associated impacts will not in the medium term lead to an increase in the terrorist threat in Europe or in Switzerland.
Dealing with jihad retumees The unmonitored retum of jihad-motivated travellers with Swiss nationality from the conflict area in Syria remains possible, but in view of the efficient cooperation between the intemational security authorities is rather unlikely.
Although there is only a small number of potential retumees, the detection and legal evaluation of any criminal offences will pose challenges for the law enforce.ment agencies. Reintegration into society will take a long time, with the outcome being uncertain. A few retumees may remain faithful to the jihadist ideology and exert a negative influence on those around them or inspire people to engage in terrorist activities.
Developments in the Islamist movement in Switzerland Although the Islamist movement in Switzerland is still disparate in nature and largely uncoordinated, it could in the long term pose a threat to the security of Switzerland. For example, a minority in the Islamist movement in Switzerland might provide financial and logistical support for violent Islamist actors. Following their release, individual radicalised prisoners might retum to the Islamist circles they had previously belonged to and disseminate their views. The consumption and dissemination of jihadist content on the intemet continues, facilitating the emergence and maintenance of small groups of sympathisers, within Switzerland's borders and beyond. Individual members, espe.cially socially isolated and psychologically unstable individuals, may radicalise and get inspired to use violence. Attacks on Muslim institutions and actual or perceived discrimination against Muslims may also have a mobilising effect among Islamists, as the Muslim community – like the Jewish community – remains exposed to further risks, such as attacks by violent right-wing extremists.
No change in the PKK's strategy In the medium term, a change in the PKK’s strategy in Europe is not expected, even if the situation changes, for example due to Turkish military operations in south-east Türkiye, northem Syria or northem Iraq. It will continue with its cov.ert activities, such as indoctrination, recruitment and propaganda, and will also continue to raise funds. With a view to achieving its goal of being removed from the EU list of terrorist organisations, the PKK is generally adhering to its renunciation of violence in Europe. Exceptional events, for example relating to the imprisoned founder Abdullah Öcalan, could nonetheless lead to violent protests and riots.
Hezbollah's network intact There are probably around one hundred people in Switzerland, who actively support Hezbollah. Even if there is no significant change in the situation in the Middle East, Hezbollah remains determined to continue its preparations, in order to be ready to strike its enemies asymmetrically, if necessary. This includes stockpiling explosives, procuring weapons and reconnoitring potential targets. However, there are currently no signs of this nor indications that Hezbollah is planning any attacks in Switzerland.

North-eastem Syria: prisons and camps housing ‘Islamic State’ fighters and supporters as well as their family members.


Violent extremism

What does the FIS see?

Incidents and potential for violence
In 2021, the FIS recorded 202 incidents linked to violent left-wing extremism and 38 linked to violent right-wing extremism. In June 2021 the FIS’s remit was broadened to include violent Covid extremism, and since then it has identified
35 related incidents. While the number of incidents linked to right-wing extremism has increased compared to 2020, the number linked to left-wing extremism has remained stable at a high level. There were a total of 81 acts of violence linked to left-wing extremism, while in the case of right-wing extremism, the number of incidents involving violence rose to three and for Covid extremism 19 violent acts were recorded. All three movements present a significant potential threat. The left-wing and Covid extremist movements also regularly commit acts of violence.
Right-wing extremism
In 2021, most activities motivated by violent right-wing-extremism took the form of demonstrations, meetings, small-scale concerts, excursions and poster campaigns. Most of these activities passed without violence: in two of the three violent incidents recorded, the violent right-wing extremists involved reportedly used violence in order to ward off an attack.
Left-wing extremism The main issues preoccupying violent left-wing extremists were anti-capitalism, anti-fascism and the Kurdish cause. The modus operandi of violent left-wing extremists has remained similar to the one observed in previous years. For example, they organise demonstrations, cause damage to property (for example through paint attacks or by smashing windows) and carry out arson attacks. They also use improvised explosive devices and physical violence. The targets of physical attacks were primarily individuals believed to be right-wing extremists or, at demonstra.tions, the security forces.
Single-issue extremism The threat posed by violent single-issue extremism, especially due to violent Covid-related extremism, increased in 2021. Violent Covid extremists consider all official measures to combat the Covid-19 pandemic to be unlawful and continue to oppose them, even though they have now been lifted in Switzerland with the retum to normal conditions as defined under the Epidemics Act. Within the movement, there are a variety of reasons for this opposition: while some question the very existence of the virus, others operate on the assumption that the pandemic was planned. Others again merely think that the measures are more damaging than the pandemic itself and must therefore be halted. There are also a large number of different conspiracy theories circulating within the movement, each embedded in one of these narratives. One thing they all agree on is that the Federal Council has too much power and that Switzerland has become a dictatorship, which must be destroyed. Violent Covid extremists see themselves as resistance fighters against this dictatorship and often believe that violence is the only means of retuming to normality. They cannot be classified as either violent left-wing or violent right-wing extremists.

Violent-extremism-motivated incidents reported to the FIS since 2015 (excluding graffiti)


Violent anti-fascist rally; Basel, January 2021


What does the FIS expect?

Right-wing extremism The potential for violence of violent right-wing extremists persists. The attractive.ness of weapons and martial arts remains, and with it the confidence to show them.selves and seek out confrontations with those who think differently, for example left-wing extremists. It is probable that violent right-wing extremists' desire for confrontation has increased since 2020 and that violent incidents have therefore become more likely.
Many adherents are increasingly less fearful of having to face personal conse.quences, such as losing their jobs, if they are outed as violent right-wing extremists. This is likely to increase their motivation to openly conduct activities and thereby attract potential new members.
Based on these findings, it can be assessed that the situation with regard to violent right-wing extremism has deteriorated since 2020. A further increase in acts of violence is to be expected, particularly in connection with confrontations between violent left-and right-wing extremists.
Left-wing extremism The violent left-wing extremist movement will remain committed to all the issues that have been preoccupying it. In particular, the violent left-wing extremist move.ment will continue its fight against fascism, which is directed against everything it perceives to be right-wing extremist. In doing so, it is highly probable that left-wing extremists will resort to demonstrations, damage to property and provocation of, as well as physical assaults on, individuals they consider to be right-wing extremists, including individuals who criticise the pandemic measures.
Violent left-wing extremists' enthusiasm for the Kurdish cause will remain high. Spurred on by this interest, they will continue to engage in clandestine violent actions, causing damage to property, mainly by setting vehicles on fire and carrying out bomb and paint attacks. The level of engagement will also depend on the situation in the Kurdish regions.
Single-issue extremism In the area of violent single-issue extremism, the frequency and intensity of the activities of violent Covid extremists in Switzerland will in the future, as hitherto, depend on how the pandemic and the counter-measures unfold. During critical phases, violent actions could be carried out either by individuals or by groups, and attempts might also be made to improve networking between them. The formation of such groups of like-minded violent individuals may increase the potential for violence in the violent Covid extremist movement, as it will enable it both to recruit new members and to disseminate more efficiently the know-how needed to carry out violent actions.
Under normal conditions as defined under the Epidemics Act, when there are no special official measures in force, the movement will significantly calm down and become smaller. However, the FIS expects that certain individuals or groups, who have been radicalised during the pandemic, will tum to new issues and continue their violent activities.
It is possible that in the future, other movements will use violence in order to assert their political demands. For example, individuals might start to take violent action if their concems are not addressed in the political system or if the response of the authorities to their concems fails to meet their expectations. However, the FIS does not currently have any specific evidence of radicalisation of other population groups.


Flyer for a demonstration at the time of the vote on amendments to the Covid-19 Act, November 2021

Proliferation

What does the FIS see?

Russia's and China's nuclear weapons arsenals Proliferation, and the issue of weapons of mass destruction in general, continues to grow in importance for the great powers. This is a bad sign. The nature of Russia's and China's nuclear weapons arsenals is changing. Both states are developing technologies which, through their ability to circumvent missile defence systems, are designed to ensure second-strike capability. However, their properties also give them the potential to serve as first-strike weapons. The Russian Avangard – the name says it all – can be cited here as an example. Nuclear deterrence has two distinct aspects: on the one hand, the direct deterrence of an adversary's attack, on the other hand the option of conventional escalation against an adversary armed with nuclear weapons.
Iran
In 2018, the USA terminated its participation in the Joint Comprehensive Plan of Action (JCPOA); then in 2019, Iran scaled back its implementation of the com.mitments it had entered into under the JCPOA. The relationship between the two countries had already been shattered, and the killing of the Iranian general Soleim.ani by the USA in 2020 hardened attitudes further. In 2019, Iran stepped up work on improving its gas ultracentrifuges and also began working with larger quanti.ties of the new models. The modem centrifuges have proven to be significantly more powerful and reliable than the old centrifuge originally used by Iran at Natanz, which is the worst and most unreliable gas ultracentrifuge ever used in commercial industrial uranium enrichment. Restricting the development of modem centrifuges was therefore a key element of the JCPOA. The irreversible gains in knowledge made by Iran since 2019 are of far greater significance than the largely symbolic enrichment of uranium to 60 per cent. Politically, however, each step taken against the letter or the spirit of the JCPOA reduces the prospects of its reanimation.
North Korea North Korea took advantage of the tactical patience of the Trump administration to develop and test an impressive number of new modem weapons systems. These are short-and medium-range missile systems, which are effective against South Korea and Japan. They include systems which can be deployed from underwater platforms such as submarines. At the same time, North Korea refrained from testing intercontinental ballistic missiles or nuclear weapons, i.e. actions directed against the USA. This restraint came to an end in January 2022 with an announcement by the regime to this effect, followed by the testing of an intercontinental ballistic missile in March 2022.
The newly developed weapon systems indicate that North Korea has multiple targets in its sights: .
It wants to be able to threaten South Korea, Japan and, as a next step, Guam with precision ballistic missiles and now also cruise missiles. Such assets are of strategic importance, particularly in the early stages of a major armed conflict, as they can be used to selectively neutralise an adversary's command and control systems, logistics systems and operational bases. Here, North Korea is following the example of Russia and China and, like them, incorporating the capability to thwart an adversary's missile defence system into its weapons development. These North Korean systems have a primarily conventional role, but could in principle also be nuclearised.

.
North Korea is striving to build up a minimal nuclear deterrent against the USA. It seems that the element of missile defence is also being incorporated into the development of this deterrent. While the Hwasong-15 intercontinental ballistic missile already covers the whole of North America, its big sister, the Hwasong-17, is oversized for this purpose. However, it has sufficient power reserves for trajectories that America's missile defences have not been planned for.

.
North Korea seems to have followed a similar approach in its development of nuclear weapons. North Korean nuclear weapons tests to date can be interpreted as showing that North Korea has developed two weapon designs: firstly a plutonium bomb, which has also been adapted as a ‘detonator. for a hydrogen bomb which can be deployed on intercontinental ballistic missiles, and secondly a uranium-based, tactical design for regional deployment.


The progress shown by North Korea in some areas exceeds the capabilities of its own industrial and scientific base. It follows that the country is being assisted by third parties and/or is successfully using its robust cyber capabilities for targeted industrial espionage.


North Korea’s newest, most powerful and relevant ballistic missiles and their ranges

What does the FIS expect?

Strategic arms control Arms control has been one of the victims of Russia's war of aggression against Ukraine. Conventional armaments are regaining importance. Budgets are expanding, and the inadequate performance of poorly commanded tanks against modem man-portable weapons will trigger adjustments to military doctrine and promote the development of new weapons systems. The relationship between offence and defence requires another rethink. In a situation of flux, limitations and control parameters are also changing. Confidence-building measures are facing a challenging environment.
Verification mechanisms support control agreements. Strategic arms control between the USA and the Soviet Union / the states that succeeded it relied for verification purposes on national technological assets as well as site inspections on foreign territory. Intemational agreements such as the Nuclear Non-Proliferation Treaty, the Chemical Weapons Convention or the Comprehensive Nuclear-Test-Ban Treaty have robust verification instruments. However, what is crucial is that there is respect for these organisations. The undermining by certain states of respect for intemational organisations that has been observed in recent years – for example, the Russian cyber attack on the Organisation for the Prohibition of Chemical Weapons – is further eroding the system of arms control.
Against this background, new arms control issues, such as those examined in the Federal Council's strategy, will become an even greater challenge.
Biological weapons In addition, new issues are emerging in strategic arms control. Alongside the new and rather alien technologies being developed in the area of cyber technology and artificial intelligence, biological weapons are becoming an area of urgent concem. The Covid-19 pandemic clearly demonstrates the potential of a viral pathogen to disrupt the economy and society. New technologies such as mRNA vaccines make it possible to prepare a biological attack in such a way that one's own side receives adequate protection in advance. This applies not just to people but also, for example, to the agriculture sector. It will be just as difficult to attribute responsibility for this kind of attack as it is in the case of cyber attacks. Of necessity, knowledge of the technology is proliferating, since every state that wants to protect its citizens is investing in the fight against Sars-Cov2 and related viruses.
Iran There are currently no indications for an agreement to revive the JCPOA. The environment has changed since 2015, a significant part of the JCPOA’s limita.tions for Iran’s nuclear program will expire in 2025, and the reciprocal benefits of the agreement have diminished significantly. Technologically, Iran is becoming a nuclear threshold state. However, there is no sign that Iran will cross the red line of renewing its nuclear weapons programme in the current phase, unless compelled to by extemal factors. Iran’s security needs do not require it, and the likelihood of detection is too great.
North Korea During the pandemic, North Korea isolated itself from the outside world even more rigorously than before. Foreign trade has largely collapsed; trade with its neighbour Russia has been reduced to just a few thousand dollars. This example shows that economic pressure will not force North Korea to abandon its weapons of mass destruction programs. On the contrary, the escalating conflict between China and the USA works in North Korea's favour, as sectoral cooperation between China and the USA on this issue will no longer take place. North Korea will have even more potential to stir up trouble in the interest of China in the event of a conflict over Taiwan, but all parties should be clear that the North Korean regime will not allow itself to be instrumentalised for foreign interests.

Illegal intelligence

What does the FIS see?

Where is espionage carried out?
Espionage is difficult to pinpoint geographically, especially if it is carried out partially or wholly using cyber tools. Moreover, espionage usually involves a package of specific activities, which – even if it is possible to pinpoint them geographically – rarely take place in just a single location. Lastly, as espionage is necessarily conducted covertly, the overall extent of the espionage activities in a particular area is not fully known to any of the actors involved, neither the spies, their victims nor counterespionage personnel. Nevertheless, there are indicators for estimating the scale of espionage at a location at least roughly. These include the number of known and suspected intelligence officers and sources, as well as the scope of intelligence activities detected at a particular location.
Geneva as a hotspot The FIS assesses Geneva to be the geographical focus of illegal intelligence in Switzerland. Why? Looking at the various cantons, Geneva canton is home to the largest number of known and suspected foreign intelligence officers, the majority of whom are also working there in an official capacity. Most of the (predominantly male) intelligence officers residing in Geneva are officially employed as diplomats at one of the many diplomatic missions. Others are working there as business peo.ple or media representatives or for one of the intemational organisations in Geneva. The number of Russian intelligence officers is particularly high. The FIS estimates that there are several dozen officers working at the Russian diplomatic and consular missions in Geneva.
Many of the intelligence officers are likely source handlers. Their main task is recruiting suitable people with access to important information or to other individuals. Professional source handlers can covertly handle between three and five sources at the same time. Besides intelligence officers, there are also numerous suspected sources and supporters of foreign intelligence services living and working in Geneva and the surrounding area. Retired and (officially) former employees of foreign intel.ligence services are also known to have settled in Geneva and the surrounding area with their families.
The vast majority of intelligence-related activities on Swiss territory of which the FIS is aware takes place in the major cities. Known intelligence officers attend events in order to seek out and make the acquaintance of worthwhile espionage targets. In addition, the FIS is often able to identify meetings between source handlers and suspected sources or persons in the process of being recruited.
Reasons for the high levels of espionage activity in Geneva The main reason for the high number of foreign intelligence officers and high lev.els of espionage activity in Geneva is the fact that numerous organisations that are considered worthwhile espionage targets are based there. These include intemational organisations, diplomatic missions, non-govemmental organisations, universities and private companies – particularly in the financial, commodities, trade and high-tech sectors – as well as think tanks and research institutes and their employees. Many non-govemmental organisations, research institutes and think tanks are probably based in Geneva primarily because of the intemational organisations there, with which they may have business links. These organisations all produce and manage large quantities of information, which is of importance to intelligence services.
Depending on the victim, circumstances and tactical considerations, gathering such information from abroad by technical means is either not possible at all, not opportune or only one of several possible procurement methods. One method that is tried and trusted and therefore frequently employed is the recruitment of individuals, who work for an organisation active in one of the areas mentioned above.
A diplomatic disguise is suitable for many reasons: .
Diplomats have wide-ranging and privileged access to buildings, events and people.

.
Intelligence officers disguised as diplomats, depending on their official function, take part in multilateral negotiations. Through them, their service chief is thus able to exert direct influence on negotiations. It should be bome in mind that intel.ligence services do not necessarily always take the same position as the foreign ministry of the same state.

.
If espionage activities are detected, diplomatic immunity generally affords protection from criminal prosecution.


As intelligence services, especially those of major states, engage in surveillance of one another everywhere, diplomatic missions may simultaneously be perpetrators, since they provide cover for their own intelligence services, and victims. In the recent past, it has been observed that various states have expanded their intelligence structures in Geneva. This is probably due not least to intensifying competition between the superpowers and a number of regional powers. Intelligence services are one of a number of power-political tools, whose use is therefore booming. Their importance increases further in times of war.
The high number of intelligence-related activities known to be taking place in Geneva is explained primarily by the countless events put on by organisations based there. These provide an ideal operating environment for intelligence officers working under cover, who can easily come into contact with large numbers of potential targets. As the majority of targets live and work in and around Geneva, the city offers good opportunities for any follow-up meetings: For the targets, who may not yet even suspect the intelligence nature of the contact, further appointments will appear normal. The short distances in a city like Geneva also allow for a greater frequency of meetings, which is useful for the source handlers and at the same time does not look suspicious.
Geneva – again partly due to the presence of intemational organisations – offers further advantages, which can be exploited by foreign intelligence services. It is located in the Schengen area and is easily accessible via its intemational airport. For this reason, source handlers and sources who live abroad are also happy to meet up on Swiss soil. Its close proximity to France also means that foreign intelligence services can very easily carry out sensitive operations – for example the handover of information – on a territory that is nearby but nonetheless foreign. Cross-border actions are more difficult for counterespionage personnel to monitor.

Espionage attack vectors and targets in Switzerland




‘Prophylax’ Brochure on the prevention and awareness-raising campaign is available on the Intemet www.vbs.admin.ch (EN / Documents and

publications / Search / Prophylax / Publications)

‘Im Visier’ Short film on the subject of ‘industrial espionage in Switzerland’ Available on the intemet (in German with French and Italian subtitles): www.vbs.admin.ch (DE / Sicherheit / Nachrichten.beschaffung / Wirtschaftsspionage) www.vbs.admin.ch (EN / Sécurité./.Recherche

de renseignements./.Espionnage économique) www.vbs.admin.ch (IT / Sicurezza / Acquisizione di informazioni / Spionaggio economico)


What does the FIS expect?

Espionage levels high and continuously rising The reasons for the high levels of espionage activity in Geneva continue to apply. No major changes are therefore anticipated over the next few years. For as long as Geneva remains a city of global importance and, above all, home to the UN organi.sations, there will continue to be high levels of espionage activity there. These will probably increase even further, due to the intensifying rivalry between the superpow.ers and a number of regional powers. Given this situation, there is simultaneously an increasing need for additional bilateral and multilateral talks on neutral ground. We know from experience that representatives of intelligence services, including high-ranking ones, always take part in such negotiations. Since Geneva is ideally suited for such talks, senior intelligence service personnel are therefore likely to travel there more often and in higher numbers.
Furthermore, for various groups who are oppressed in their home countries, Geneva remains popular as a location for demonstrations. We know from experience that some of these events are monitored by foreign intelligence services. The fre.quency and intensity of the surveillance remains difficult to gauge, and surveillance is likely to depend heavily on the situation in the home country and also on the size and reach of their intelligence apparatus. Generally, however, the more serious the conflict and the greater the regime perceives the threat from critics and opposition figures to be, the higher the probability that they will be put under surveillance.
In response to the Russian invasion of Ukraine, several European states have expelled large numbers of Russian intelligence service officers. If these states man.age to prevent those expelled from being replaced by new officers under diplomatic cover, then the capacity of the Russian intelligence service in the state concemed will be weakened with lasting effect. Such a scenario would in tum be likely to prompt the Russian intelligence services to deploy their forces in other states. These might also include Switzerland, which is why the instruments available for preventing the entry of such intelligence service officers must be utilised to the full.


Threat to critical infrastructure

What does the FIS see?

Use of cyber tools in the context of conflict and war Cyber tools play an important role both before and during a war. For example, cyber attacks can be used to restrict, at least temporarily, certain of an adversary's capabilities. Cyber attacks on the adversary's critical infrastructure can be used to unsettle the population concemed and to undermine social processes.
Cyber tools can also be used for information operations. The latter serve to weaken social cohesion, particularly between the govemment and the population. In the information sphere, the focus of the warring parties is clearly on disseminating their own viewpoint before and during the kinetic conflict. In order to spread true or fake information, they use their own channels, as well as hacking e.g. govemment and media websites and social media accounts. All these methods are used in attempts to reach an audience.
In the days leading up to the invasion by the Russian armed forces, the availability of the websites of banks and govemment authorities in Ukraine was disrupted. The systems of Ukrainian authorities and organisations were attacked using so-called wiper programs. After the target networks have been infected, this malware is used for deleting their data irretrievably. This method was used in order to interfere with important official functions in the period leading up to the invasion. Such attacks were also used widely to disrupt everyday life and to unsettle the Ukrainian population generally. Cyber attacks with wiper programs for disrupting critical infrastructure have basically the same effects as encryption malware. If appropriate precautions are taken, however, damage can generally be rectified within a reasonable period. For lasting impact on the functioning of critical infrastructure, kinetic attacks are more reliable and also more precise, since it is not easy to execute cyber attacks with physical consequences, and they usually carry a not insubstantial risk of unin.tentional collateral damage. Despite this, during the Russian retreat from the north of Ukraine, hackers – probably part of the Sandworm group attributed to Russia’s military intelligence service GRU – attacked Ukrainian electricity supply systems.
At practically the same time that Russian troops invaded Ukraine, a provider of satellite communications fell victim to cyber attacks. The US, the UK and the EU have attributed these attacks to Russia. While the infrastructure of the provider was impaired, i.e. overloaded, by an attack on the availability of its websites and services, the attackers used a remote maintenance function to sabotage customers' modems. These modems were then no longer able to establish a connection to the satellite. It is very likely that the purpose of the attacks was to disrupt the communication channels used by the Ukrainian army. However, they affected several countries and communication facilities which were totally unrelated to the hostilities: For example, they affected a number of wind turbines in Europe which, though still able to pro.duce electricity in autonomous mode, could no longer be monitored or controlled remotely by the operating companies. The functionality of the modems could only be restored manually on site.
After this initial phase, the number of cyber attacks by the warring parties outside the war zone did not increase further. However, private actors were urged to use cyber tools to attack Russian or Ukrainian targets. This led to a large number of incidents, including in Westem countries, involving companies with links to Russia. These were mainly attacks on the availability of websites and services or unauthor.ised data acquisition. The data obtained was then published.
The role of non-state actors in conflicts and wars Non-state actors, especially technology companies, are playing an increasing role in modem conflicts. For example, SpaceX founder Elon Musk and the American Agency for Intemational Development have to date provided Ukraine with 10,000 terminals for accessing Starlink satellites. The intemet access provided in this way has been used both by hospitals and by the Ukrainian army, for example for drone attacks on Russian tanks. Since January 2022, security teams from Microsoft have been working closely with the Ukrainian govemment and cyber security experts in the Ukrainian private sector to identify and eliminate activities threatening Ukrainian networks. To this end, Microsoft has established secure communications with Zelensky's govemment and shares threat analyses and technical countermeasures for eliminating malware in Ukrainian networks around the clock.
Attacks involving encryption malware Apart from armed conflict or war, cyber crime still represents the most immediate threat to critical infrastructure. This is illustrated by the steep rise in successful infections with encryption malware (ransomware) in Switzerland and across the globe. The success of recent encryption attacks has also shown that in Switzer.land, private companies, as well as some critical infrastructure operators and public authorities, are inadequately equipped to deal with such attacks. The perpetrators act opportunistically and focus on maximising profit, so any institution with a vulnera.bility can become a target.
The market for cyber-crime services Key factors exacerbating this threat are the ‘professionalisation. and ‘commer.cialisation. of cyber crime. Increasingly, actors are specialising in particular cyber-crime services on the intemet. A market has now emerged where there is competition and price pressure and where cybercriminals advertise their services openly.
The sale of network access data plays a key role in the cyber-crime service chain. Trading in this kind of access data has expanded as networks are increasingly being accessed remotely due to the pandemic measures. Such remote access takes place e.g. via a virtual private network or using the Remote Desktop Protocol. New applications offering remote access options – for virtualising workplaces, for example – are constantly appearing, and with them come new infection vectors.
Stealing or illegally acquiring remote access data is often the first step in encryption attacks and data theft. The traded access data often comes from a data leak due, for example, to a malware infection or phishing. Its acquisition saves the purchasers a lot of time which they would otherwise have had to spend on compromising and probing a network.
The number of sellers has risen, while the prices of access data have fallen and vary according to company size, location and tumover, as well as access privileges in the network concemed. For example, access rights to an account with administrator privileges cost far more than those to an account with basic user rights. According to security companies, access data in the industrial sector, as well as in the research and IT fields, is particularly sought after. This poses a considerable threat to Switzerland as a research and business centre, because service failures in these areas result very quickly in high costs and the victims are thus easier to blackmail. Having access in these areas also makes it possible for the perpetrators to scale attacks through the use of network interfaces, supply chains and customer relationships. The profession.alisation and commercialisation of cyber crime not only make the classification and attribution of attacks more difficult, but also increase the resilience of cybercriminal groups to the actions of law enforcement agencies.
Exploitation of vulnerabilities The systematic exploitation of vulnerabilities in widely-used software poses an additional threat. The most recent example was the so-called Log4J vulnerability at the end of 2021. This involved a freely available program module which is used in a large number of servers. A related increase in so-called initial access offers in the criminal environment has been observed. This involves selling existing access rights to networks that have already been infiltrated, for example through the exploitation of vulnerabilities.


Possible cybersphere consequences for Switzerland of the war in Ukraine

Cyber-criminal environment


What does the FIS expect?

Malware flies further than missiles In conflicts in general and in warfare in particular, cyber activities are always to be expected. Cyber espionage for the purposes of carrying out reconnaissance of the opposing party is an integral part of the capabilities of any relevant power. Cyber operations are also suitable for conducting activities which fall below the threshold of war and yet still have an impact on the adversary. In an armed conflict, however, kinetic tools for destroying the adversary's resources are easier for an attacking party to deploy and are more precise. Nonetheless, cyber warfare escalated in mid-April 2022, and industrial control systems in Ukraine were attacked. Russia is not alone in devel.oping such capabilities, and comparable attacks will increase in the years to come.
On the other hand, the party being attacked physically on its own territory and actors sympathising with it will regularly use cyber tools to damage the aggressor and his allies. The attacked party typically has few other options for achieving an impact on the attacker's territory. By contrast, actors across the globe can carry out cyber attacks on interests of one or other of the parties to the conflict.
Politically and economically isolated states can likewise use cyber tools, be it to steal intellectual property, to disrupt critical infrastructure in other countries or to obtain foreign currency. In addition, such states have the option of providing space for such activities, namely by protecting cybercriminals in their territory from intemational criminal prosecution.
The role of non-state actors such as technology companies, in particular, will again become more important.
Consequences of the pandemic-induced surge in digitalisation Not only has there been an inexorable drive toward digitalisation in the economy, in society and in public institutions, but during the Covid-19 pandemic the process has speeded up significantly. The pandemic measures led to increased demand for remote access, and all sorts of institutions instantly needed ways of working digitally. Suitable solutions therefore had to be procured and installed immediately; there was no time for an extensive test phase, security checks or employee training.
The accelerated switch to digital ways of working poses an increased risk to the security, availability and integrity of the systems concemed and the data processed in them. For example, private devices which are not administered centrally are often used for work, making it impossible to detect vulnerabilities or malware infections. Many of the hastily implemented solutions that were originally intended to be temporary have been adopted permanently, as a retum to conventional forms of working is not possible or even envisaged. Even sensitive data is poorly protected by inadequate solutions and can be accessed unintentionally by individuals who should not be able to do so.
Since the value chains and services of modem societies are increasingly data-driven, organisations with insecure digital solutions are exposing themselves to additional risks. This affects not only the organisations themselves, but also their customers and third parties and, in the case of govemment agencies, even the public. The steadily increasing quantities of information available on the intemet also offer new opportunities for targeted exploitation, for example involving the use of special tools or machine leaming.
It is unlikely that the organisations affected will subsequently systematically audit their ad-hoc solutions and implement security measures and guidelines in a timely manner. The surge in digitalisation is therefore leading to increased scope for attacks on organisations and greater risks associated with the use of digital services.


The increased usage of remote access, for example due to home office, expands the attack surface of networks.

Key figures

Structure, staffing and finances At the end of 2021, the FIS had 178 female and 254 male employees, corresponding to a total of 394,9 full-time positions. The FIS attaches particular importance to family-friendliness and in 2016 was one of the first federal offices to be certified as a particularly family-friendly employer. The breakdown of employees by first language was as follows: 72.7 per cent German-speaking, 22.4 per cent French-speaking, 4.2 per cent Italian-speaking and 0.7 per cent Romansh.speaking.
The cantons’ intelligence service expenditures were compensated with CHF 18 mil.lion; the FIS’s expenditure on personnel amounted to CHF 64.6 million, and its expenditure on equipment and operating expenses amounted to CHF 15.4 million.
Intemational cooperation The FIS cooperates with foreign authorities that perform duties as defined by the Intelligence Service Act (ISA). To this end, the FIS also represents Switzerland in intemational bodies. The FIS exchanges intelligence with over a hundred partner services from various states and with intemational organisations, including the relevant institutions at the UN and the EU dealing with security issues. The FIS currently receives around 13,500 messages a year from foreign partner services and sends around 6,500 messages a year to foreign partner services.
Information and storage systems
In 2021, a total of 178 requests for information based on Article 63 ISA and Article 8 Data Protection Act were received. In addition, one inquiry was submitted regarding a previous request. 102 applicants received a two-part response: firstly, the FIS provided them with complete information in accordance with the Data Protec.tion Act, and secondly, it deferred its response regarding the data being processed in systems according to Article 63 paragraph 2 ISA (Deferral due to non-recording, secrecy interests, third-party interests). In 49 cases, the FIS provided the applicants – under reservation of secrecy interests and the protection of third parties – in relation to all the systems with complete information on whether it had processed data on them and, if so, what data. In 5 cases, the formal requirements (such as the provision of proof of identity) for the processing of a request were not met, despite reminders being issued. As of 31 December 2021, the FIS had therefore not yet been able to process these requests. At the end of 2021, 22 requests for information were still undergoing processing. One inquiry regarding a previous request was also still pending at the end of December 2021.
In 2021, the FIS also received 28 requests for access under the Freedom of Information Act.
Situation assessments The FIS presents its situation report on Switzerland’s security annually. This report contains the situation radar, the classified version of which is used on a monthly basis by the Security Core Group for assessing the threat situation and for setting priorities. Recipients of the FIS’s situation assessments included the Federal Council as well as other political decision-makers and relevant authorities at the federal and cantonal levels, military decision-makers and the law enforcement agencies. The FIS provides them periodically, spontaneously or with regards to certain schedules, either upon request or on its own initiative, with information and findings, either in written or verbal form, covering all areas of the ISA and the FIS’s classified mission statement. For example, in 2021 the FIS once again supported the cantons with a platform for intelligence sharing managed by its Federal Situation Centre (summit meeting between the American and Russian presidents).
Reports to be used in criminal and administrative proceedings The FIS provides unclassified information to the relevant authorities for use in criminal or administrative proceedings. In 2021, for example, it delivered 16 official reports to the Office of the Attomey General and 20 to other federal authorities such as the Federal Office of Police, the State Secretariat for Migration or the State Secretariat for Economic Affairs (excluding supplements to existing official reports). 19 of these reports were related to terrorism, 6 to violent extremism, 6 to illegal intelligence and 3 to proliferation. 2 further official reports were not exclusively attributable to any of these topics.
Measures Counterterrorism | Twice a year, the FIS publishes figures relating to counter.terrorism – individuals assessed as posing a risk, jihad-motivated travellers, jihad monitoring – on its website. www.vbs.admin.ch (Sicherheit / Nachrichtenbeschaffung / Terrorismus) – available in German, French and Italian The Prophylax awareness-raising programme | The FIS, together with the cantons, runs programmes for raising awareness of illegal activities relating to espionage and to proliferation: the Prophylax awareness-raising programme and the Technopol awareness-raising module for institutions of higher education. Companies, universities, research institutions as well as federal offices are contacted within the framework of these programmes. In 2021, 46 awareness briefings were held in the context of the Prophylax programme and 10 as part of the Technopol programme. In addition, 17 awareness.raising sessions were conducted. www.vbs.admin.ch (Sicherheit / Nachrichten.beschaffung / Wirtschaftsspionage) – available in German, French and Italian Intelligence-gathering measures requiring authorisation | In cases presenting a particularly serious threat in the areas of terrorism, illegal intelligence, prolifera.tion, attacks on critical infrastructure or the protection of other important national interests as defined under Article 3 ISA, the FIS can use intelligence-gathering meas.ures requiring authorisation. Such measures are regulated under Article 26 ISA. They must in each case be authorised by the Federal Administrative Court and approved by the head of the DDPS following consultation with the head of the FDFA and the head of the FDJP. The authorisation is valid for a maximum of three months. Before the authorised period expires, the FIS can submit a substantiated application for an extension of the authorisation for up to three more months. The measures are subject to close monitoring by the Independent Oversight Authority for Intelligence Activities as well as by the Control Delegation.
Authorised and approved measures in 2021 Area of activity (Art. 6 ISA) Operations Measures

Terrorism 1 8

Illegal intelligence 1 56

NBC proliferation 0

Attacks on critical infrastructure 0

Total 2 64



Individuals affected by these measures in 2021 Category Number

Targets 6

Third persons (as defined under Article 28 ISA) 1

Unknown persons (e.g. only phone number known) 0

Total 7



Counting method .
In the case of measures, an authorised and approved extension (which can be granted several times for a maximum of three months each time) is counted as a new measure, as it had to be requested and justified anew following the proper procedure.

.
Operations and individuals affected, on the other hand, are counted only once for each year, even where measures have been extended.


Cable communication intelligence | The Intelligence Service Act has also given the FIS the power to conduct cable communication intelligence in order to gather information about security-relevant events abroad (Art. 39 ff. ISA). As the purpose of cable communication intelligence is to gather information about other countries, it is not designed as a domestic intelligence-gathering measure requiring authorisation. However, cable communication intelligence can be conducted only with the obligation of Swiss telecommunications service providers to forward rele.vant signals to the Swiss Armed Forces’ Centre for Electronic Operations. The ISA therefore provides under Article 40 f. an authorisation and approval procedure for orders to the providers, which is similar to that for intelligence-gathering measures requiring authorisation. At the end of 2021, 3 cable communication intelligence orders were being processed.
Radio communication intelligence | Radio communication intelligence is also directed at foreign countries (Art. 38 ISA), meaning that only radio systems located abroad may be recorded. In practice, this relates primarily to telecommunication satellites and short.wave transmitters. In contrast to cable communication intelli.gence, radio communication intelligence is not subject to authorisation, because in the case of the latter, it is not necessary to oblige telecommunications service providers to record data. At the end of 2021, 32 radio communication intelligence orders were being processed.
Screenings by the Foreign Citizens’ Service and requests for entry bans | In 2021, the FIS’s Foreign Citizens’ Service screened 4,395 profiles for threats to intemal security (accreditation of diplomats and intemational officials or visa appli.cations and applications for work and residence permits required under the law on foreign nationals). The FIS recommended the refusal of 3 residence permit applications and of one accreditation. The FIS also screened the dossiers of 728 asylum seekers for threats to the intemal security of Switzerland. In one case, it pointed out a security risk. Of the 42,314 applications for naturalisation screened by the FIS in accordance with the ISA, it recommended refusal of naturalisation or raised security concems in 5 cases. As part of the Schengen visa consultation procedure Vision, the FIS screened 401,958 records for a threat to Switzerland’s intemal security and recommended refusal in 3 cases. In addition, the FIS screened the API (Advance Passenger Information) data of 1,184,409 individuals on 9,634 flights. API data that does not yield any matches with the data held by the FIS is deleted after a processing period of 96 hours. The FIS also submitted requests for the issue of 204 entry bans to fedpol (87 were issued, 117 were still being processed at the end of the year. No requests were retumed to the FIS).
Personnel security screening | In the context of personnel security screenings, the FIS conducted on behalf of the Federal Chancellery and the Special Service for Personnel Security Investigation at the DDPS 1,753 verifications abroad and undertook 186 indepth assessments of individuals recorded in its information and storage systems.

List of abbreviations API Advance Passenger Information Trilateral security partnership Aukus (USA, Australia, UK) ISA Intelligence Service Act EU European Union JCPOA Joint Comprehensive Plan of Action LNG Liquefied Natural Gas NATO North Atlantic Treaty Organisation OSCE Organization for Security and Co-operation in Europe PKK Kurdistan Workers' Party

Editor Federal Intelligence Service FIS Deadline
June 2022 Contact adress Federal Intelligence Service FIS Papiermühlestrasse 20 CH-3003 Bem E-mail: info@ndb.admin.ch www.fis.admin.ch Distribution BBL, Verkauf Bundespublikationen, CH-3003 Bem www.bundespublikationen.admin.ch Art.-No. 503.001.22eng
ISSN 1664-4719 Copyright Federal Intelligence Service FIS, 2022"
swiss_defense_613,swiss_defense,613 Switzerland foreign policy strategy 2024.txt,en,"FOREIGN
POLICY
STRATEGY 2024–27


On 11 May 2011, the Federal Council commissioned the Federal Department of Foreign Affairs (FDFA) to compile a strategy paper for each legislative period, setting out the future priorities of Swiss foreign policy and strategic prospective considerations. The Foreign Policy Strategy 2024–27 is the fourth of these strate.gies. It is the overarching foreign policy document for both the geographical and the thematic follow-up strategies that the Federal Council will adopt in line with its plans for the legislative period 2023.27.

Foreword How will future generations look back at the early 2020s?
I presume that they will also see this period as a historical tuming point, just as many people do today. We are indeed experiencing epoch-defining changes: new centres of power are emerging. The Westem claim to the universality of values is increasingly being called into question, and geopolitics is pushing back the application of rules at a global level. New forms of artificial intelligence will shape society similarly to the ways that the intemet and smartphones have. The climate crisis is triggering profound changes.
And let us not forget the pandemic. We do not know whether COVID-19 and the war against Ukraine are harbingers of the future that awaits us. It remains unclear where the current upheavals will lead us.
Strategies play a key role in mitigating uncertainty. They enable foreign policy thinking and action against the back.drop of an unknown future. They provide a categorisation and a common framework: a compass for Switzerland in a volatile world.
How is Switzerland positioning itself in this world? What matters to us? How do we intend to achieve it?
These questions are being debated broadly and intensely throughout our country. We do not see eye to eye on everything. But Switzerland would not be Switzerland if it was unable to create a viable basis for the future with its culture of dialogue, listening and readiness to compromise. I have noticed in countless conversations that our civic nation is more vibrant than ever, thanks also to its firmly anchored democracy and its robust economy. Switzerland’s domestic strengths underpin its foreign policy and make it future-proof.
The present strategy was drawn up in this spirit. It sets out our foreign policy priorities and objectives for the next four years. At the same time, it defines what Switzerland stands for in the world and what added value its foreign policy offers. All departments contributed to this process. The foreign affairs committees, the cantons, think-tanks and other stakeholders also took part in the discussions at various points.
The result is based on a sober stocktaking of the current situ.ation. If we want to safeguard the interests of our country, we need to see the world as it is and not as we would like it to be. This strategy points out that simply maintaining the status quo would not be an adequate foreign policy response to this historical tuming point. It also stresses, however, that Swit.zerland does not need to make radical changes, despite the altered outlook. Its best option is to remain true to itself.
Here again, it will be up to future generations to decide whether Switzerland charted a sound course during this pivotal epoch of global politics. The Federal Council’s duty is to devise the best response, from today’s perspective, to these uncertain times. This strategy plays a role in that. I would therefore like to thank everyone who was involved in this work. And I would like to encourage our citizens to continue to discuss these issues. Because I believe that if Switzerland maintains an open, constructive dialogue with itself, it will be able to find the right responses to the major challenges it faces and seize the opportunities they present.
Ignazio Cassis Federal Councillor Head of the Federal Department of Foreign Affairs Summary Switzerland faces growing challenges in its regional envi.ronment. The violent conflicts in Ukraine, the Middle East, the South Caucasus and the Sahel, as well as the tensions in the Westem Balkans have also consolidated existing global trends: Strategic competition between the major powers has become more accentuated, and the influence of autocratic states is growing. The intemational framework is shaped by the struggle conceming the nature of the intemational order as well as global political and economic fragmentation. On top of this, we are seeing far-reaching ecological and techno.logical transformations and a large number of crises, some of which are overlapping.
The Foreign Policy Strategy (FPS) 2024–27 describes how Switzerland aims to safeguard its security, prosperity and independence against this challenging backdrop.
In line with Switzerland’s foreign policy identity, this strategy reaffirms Switzerland’s shared responsibility in Europe as well as its role as an advocate of global understanding: ´ A stable and prosperous Europe will be even more important than in the previous strategy and is the first priority. It will be indispensable to clarify the open ques.tions in the relations with the EU. Switzerland will step up its contributions to European security and attach strategic importance to the reconstruction of Ukraine.

´ Aside from the strengthened European dimension, for.eign policy will retain its global focus. The transition to a world that is less shaped by the West underlines the importance of constructive relations with every region of the world. The G20 states are important in this regard.

´ Effective, focused multilateralism and a strong Swiss presence in the relevant forums are vital for safeguard.ing Switzerland’s interests. Switzerland aims to play a part in reforming the multilateral system and boosting its efficiency and to position Intemational Geneva in a for.ward-looking manner.

´ Peace and security remain a priority. As well as enhanc.ing security cooperation with the EU and NATO, the pri.mary focus is on adapting good offices and peace promo.tion to the changed intemational framework conditions, including in the multilateral arena and by using new instruments, such as science diplomacy.

´ Preserving Switzerland’s prosperity is becoming more challenging. In today’s more contested world, there is a greater need to bolster competitiveness. Key issues include constant optimisation of the framework condi.tions, resilience and diversification. Switzerland’s contri.butions to sustainable development and the global fight against poverty are also part of this priority.

´ The environment is a new priority for foreign policy. Mitigating climate change and adapting to its effects are becoming urgent tasks. Further key issues are biodiver.sity, pollution and sustainable energy provision.

´ This strategy also places a new emphasis on democracy. Switzerland is thus adding to its established profile in promoting peace, intemational law and human rights, as well as advocating good govemance, including in the digital space (digital foreign policy).


A series of measures will be introduced to make foreign policy more coherent. Moreover, a broad network and instru.ments geared to current requirements are essential to safe.guard interests effectively. One such instrument is neutrality. Neutrality does not mean indifference. It leaves room for the sort of cooperative foreign and security policy that is outlined here and also for extensive solidarity with partners as far as the law of neutrality permits. The Federal Council situates neutrality in the world’s current political landscape within the framework of this strategy and categorises the issues arising in this regard. During this legislative period, it will take further decisions on the future approach to neutrality.
This strategy provides the central guidelines for Switzerland’s foreign policy in this legislative period. The Federal Council will define objectives and measures for key geographical and thematic areas as part of follow-up strategies. In its annual foreign policy reports, it gives an account of the extent to which it has achieved its objectives.
1 Introduction There are times when intemational relations seem to be static and the global picture changes very slowly. And there are times of upheaval with lots of rapidly mushrooming events. Today, we are living in one of these very eventful phases.
The world has been marked by crises for a number of years now. Not one but two globally incisive events – the COVID-19 pandemic and Russia’s war of aggression against Ukraine – occurred within a short time span. Their impact goes far beyond the realms of health and security respectively. The challenges include energy supply, mounting public debt and food crises. Numerous armed conflicts, breaches of inter.national humanitarian law, increasing humanitarian distress and a record number of displaced people are contributing to a difficult environment. Additional issues include climate change, whose effects are becoming noticeable to everyone, and concems that technological innovations, for example in the area of artificial intelligence, will entail growing security risks in view of the current geopolitical fault lines.
Assumed certainties, such as lasting peace in Europe, have tumed out to be false. Conversely, some things have material.ised that had not been expected: Switzerland had to leam to cope with drastic health policy measures, which even included lockdowns. It is having to prepare for potential power short.ages. Plans in case of a nuclear incident in connection with the war against Ukraine are also needed. Such developments are demonstrating how fragile interconnected societies are.
The accelerated pace of change is fuelling greater uncer.tainty. The world is becoming less global, less influenced by the West and less democratic. It is increasingly fragmented and dangerous. And it is volatile. These are challenging conditions for a country like Switzerland, which is committed to freedom and the rule of law, relies on open markets, and has an independent foreign policy.
Switzerland has a good basis to help shape today’s changes in line with its foreign policy interests. According to the 2022 rankings produced by the United Nations Develop. ment Programme (UNDP), Switzerland is the world’s most highly developed country. It is still one of the world’s largest 20 economies, with a high GDP per capita. Its public debt has risen since the pandemic but remains relatively modest. Unemployment is low. The Swiss economy is one of the most competitive and innovative worldwide, partly because Switzerland is an excellent centre for research and education. This excellence needs to be safeguarded. Citizens’ trust in politics and state institutions remains high by intemational comparison. Its foreign policy stands for a culture of dialogue and compromise, which is crucial in tackling today’s chal.lenges. Switzerland has also stressed that it is committed to shared responsibility for peace and security and that it is a credible advocate of intemational law by assuming a seat as a non-permanent member of the United Nations Security Council.
Nevertheless, it is by no means a given that Switzerland will be able to continue its success story. Safeguarding its interests is becoming more difficult. Polarisation in poli.tics worldwide is placing it under greater pressure to take sides. Since the start of Russia’s war against Ukraine, Westem countries have expected Switzerland to support their posi.tions and join them in standing up for shared Westem values. Conversely, some other countries have been formulating contrary expectations. Conflicts of objectives in foreign policy are becoming more frequent.
Some of Switzerland’s partners now hardly perceive its neutrality as a contribution to stability on the continent. The Federal Council’s decisions not to allow the re-export of war materiel to Ukraine, which it took based on the War Materiel Act, led to criticism. Yet Switzerland has also unequivocally condemned Russia’s war of aggression and adopted the EU’s sanctions, and it shows solidarity with Ukraine and its people. It has a great deal of intemational soft power in every region of the world, partly thanks to its foreign policy profile. Neutral states that act to counter polarisation will remain in demand.
What does the changing intemational environment mean for Swiss foreign policy? In a fragmenting and increasingly harsh world, the European frame of reference for Swiss foreign policy and close coordination with partners are becoming more important. Even more than before, Swiss interests begin in and with Europe. As a European country that is not an EU member state, Switzerland will nonetheless continue to pursue a foreign policy with a global scope. Closer cooperation in foreign and security policy to promote security and prosperity in Europe and thus also in Switzerland goes hand in hand with Switzerland’s role as an advocate for global understanding and its globally oriented foreign economic policy.
The Federal Council aims to maintain Swiss foreign policy within this framework. It favours a focused foreign policy in view of Switzerland’s limited resources and impact-orientated approach. Moreover, foreign policy needs to be coherent so that the country can effectively safeguard its interests. The strategic framework for foreign policy must also leave room for flexibility, given the current uncertainties. It is becoming more important to continually anticipate future developments and plan policies based on various options. A certain degree of modesty is also called for, given the many uncertain factors. Finally, it has become clear that Switzerland needs to communicate its policies and its stances even more clearly. It has a lot to offer the world, such as its good offices,11 Examples include its protecting power mandate for the United States in Iran and the Swiss-based Fund for the Afghan People.
Intemational Geneva and humanitarian aid, as well as being an innovative player at the interface between diplo.macy and science.
In this Foreign Policy Strategy, the Federal Council defines its priorities and objectives for the years 2024.27. It is thus continuing the method that it first applied in its FPS 2020.2023 of setting objectives for four years. In the interest of increased prioritisation, it now defines significantly fewer objectives. As in the past, the annual Foreign Policy Report will give an account of the extent to which the strategy has been implemented and objectives have been achieved.22 The Foreign Policy Report 2023 contains a review of the FPS 2020–23.
This strategy also represents the Federal Council’s response to postulate 22.3276 from National Councillor Stefan Müller-Altermatt. The postulate requested the Federal Council to draw up a report indicating the means and measures it intends to use to promote peace and prosperity in Eurasia in the coming years.
Section 2 describes how Switzerland’s intemational envi.ronment is changing. Building on this description, section 3 outlines the bases for foreign policy and places them in their current context. It derives the priorities for future foreign policy accordingly. It also examines the question of Swit.zerland’s foreign policy profile. Sections 4 and 5 set out the geographical and thematic priorities as well as the corresponding objectives. Europe moves to the top of these priorities as a result of the global political situation. Section 6 describes Switzerland’s foreign policy instruments and places neutrality in the current geopolitical context. Finally, section 7 presents the partners with which Switzerland implements its foreign policy. It can only achieve its objectives by means of collaboration and networking. As well as working with other states and intemational organisations, it is increasingly coop.erating with non-state actors, such as companies, NGOs and scientific bodies.
2 Context The past three decades were marked by globalisation. This was accompanied by a broader distribution of prosperity and a worldwide reduction in extreme poverty. As a result, the global economic balance shifted: the G7 countries’ share of global GDP dropped from 68% to 44% between 1992 and 2022. The share accounted for by the other G20 countries nearly tripled and is now 36%. East Asia has risen to become a top-ranking world economic centre.
Geopolitics and systemic competition Alongside the global shifts in power, the global political framework is also changing. Differences in values and inter.ests have widened. States with authoritarian govemment systems have gained influence, while democracy is coming under pressure worldwide. However, the divide between democracies and autocracies on its own is insufficient to explain the current situation. Instead, it is striking that some democratic emerging and developing countries in the Global South too are increasingly calling into question the West’s leadership role and its self-perception as role model.
We are currently transitioning to a world that is less shaped by the West. The most important element to date is the rise of China. The Communist Party of China is propa.gating a model of statehood and development that is based on prosperity without political pluralism as an altemative to the Westem model. Authoritarianism and social surveillance have increased in recent years. With its steadily growing economic, technological, political and military weight, China is setting out to change the world. Its share of global GDP has risen from 3% to 19% since 1992. Chinese companies are among the largest investors in developing countries today, and they play a key role in global value chains. The People’s Republic has become the largest source of credit for many countries, resulting in corresponding dependencies. Through its endeavours to create a Sinocentric world, its self-assured foreign and security policy, and its narrative geared to national security, China is currently positioning itself in a way that the United States perceives as a systemic challenge to its claim to global leadership.
Strategic competition between the major powers and related wrangling over the nature of the intemational order are shaping global politics. Power politics and geopolitics have moved back into the foreground. The existing order, which is strongly shaped by Westem ideas and has brought prosperity and security to Switzerland, is under great pressure. Informal discussion formats such as the enlarged BRICS are becoming more attractive and may contribute to further fragmentation in intemational govemance. Here, the enlargement of the BRICS format illustrates the courting of the Global South in geopolitical competition. At the same time, the rulers in China and Russia, and also in numerous other states, are re-interpreting universal norms, such as human rights, to suit their own purposes. This is finding fertile ground in particular in conservative societies that call into question the Westem value model.
Russia’s break with the West Russia’s war of aggression against Ukraine has height.ened geopolitical polarisation. Over the past decade, the Russian govemment increasingly tumed its back on the West, breaking with it profoundly on 24 February 2022. Its actions are not just about subjugating Ukraine. Even before February 2022, President Putin issued an ultimatum calling for a new European security order with a recognised Russian zone of influence. With its revisionist agenda, its war of aggression in violation of intemational law and its nuclear threats, the UN veto power is threatening democracy, freedom and secu.rity in Europe. Russia is violating fundamental principles of the UN Charter and the Helsinki Final Act. Moreover, it has systematically ramped up domestic repression within its own borders.
The outcome of the war will shape the intemational order for years to come. The war is already having far-reaching conse.quences. It is marking out a new geostrategic situation in Europe and accelerating trends worldwide.
Europe’s new situation Switzerland’s regional environment has deteriorated since the last FPS. Although European security has been considered to be in a crisis for years, Russia’s war of aggres.sion has created a rupture. The pan-European cooperative security order, built up over decades with the inclusion of Russia and with Switzerland’s active participation, has eroded. The West's response to the demarcation imposed by Moscow unsurprisingly prioritises security from Russia rather than with Russia. There is a sharp rise in military expenditure and comprehensive Westem support for Ukraine that has been promised for the long term.
A lot has been set in motion in Europe: NATO has been fortified again as the anchor of European security and has expanded to the north; the United States remains Europe’s most important guarantor of security, and the United Kingdom has been playing a key role too. The EU has sharpened its security policy profile, and has so far coped remarkably well with this geopolitical stress test. It has also rapidly reduced its dependence on Russia for energy. The OSCE faces an uncertain future, but it remains an indispen.sable pillar of multilateral dialogue thanks to its compre.hensive concept of security. After Russia’s withdrawal, the remaining 46 members of the Council of Europe held a summit meeting for the first time in nearly 20 years to rein.force their commitment to human rights, democracy and the rule of law. Additionally, the European Political Commu.nity, a new platform for top-level dialogue, has been created with nearly 50 European countries participating. It is as yet unclear to what extent the European continent will continue to grow together in distinction to Russia. New dynamics are in evidence, but it is also possible that rifts will deepen in the European and Westem camp on how to engage with Russia, especially as Moscow has switched to a wartime economy and seems to be gearing up for a long military conflict.
Arc of crises The reconstruction of Ukraine is of strategic importance for the continent’s stability. Yet the deterioration of Swit.zerland’s regional environment is not only due to Russia’s war of aggression. Recently, there has been a whole series of new escalations of violence on Europe’s periphery and in its eastem and southem neighbourhoods. The picture that emerges is one of an arc of crises stretching from Eurasia to the Middle East, the Sahel and Sudan. Conflicts, some of which have been going on for years, are intensifying again, with the parties tuming to violence instead of dialogue. While all of these escalations of violence have specific local causes, they are similar in that they are all unfolding within a global political context characterised by polarisation and fragmenta.tion without a broadly accepted power that exercises leader.ship. The civilian population often suffers the most, and the need for humanitarian aid is enormous.
The Westem Balkans remain unstable. Tensions between Serbia and Kosovo have intensified and are jeopardising the process of normalisation. Tensions within Bosnia and Herzegovina also persist. A lack of prospects in the region is causing young people in particular to emigrate. In the South Caucasus, Azerbaijan militarily forced an end to the conflict over Nagomo-Karabakh. This caused a large-scale refugee movement and came after decades of diplomatic mediation by the OSCE, Russia and, most recently, the EU and the US. On the positive side, Armenia and Azerbaijan have so far remained in dialogue. Yet the road to lasting peace in the region is long.
In the Middle East, Hamas’s terrorist attacks on 7 October 2023 marked a breaking point. The massacres and taking of hostages abruptly stripped Israel’s society of its sense of security and are deeply branded on the country’s collective memory. The high death toll and enormous humanitarian needs caused by Israel’s military response have traumatised Palestinian society and provoked outrage not only in Arab countries but elsewhere in the world. Within the context of this war, countries in the MENA region and much of the Global South are taking more and more distance from Westem states. The latter are facing mounting accusations of having double standards.
A look at the situation in the Sahel and Sudan completes the map of the arc of crises wrapped around Europe. During the last legislative period, there were eight unconstitutional changes of govemment in six countries. The civil war that broke out in Sudan in 2023 has triggered large-scale forced displacement. Another example of failed stabilisation efforts is the forced end of the UN stabilisation mission in Mali and the withdrawal of French and other European troops. Here too, the West’s influence wanes as that of Russia and China grows, with the Sahel facing dangerous Islamist groups and seeing state structures edging closer to the brink of collapse.
Beyond this arc of crises, the outlook is bleak in many coun.tries in Europe’s extended neighbourhood. This situation is due to a lack of economic opportunities, numerous conflicts, increasing autocratisation and the consequences of climate change. These conditions could impact Europe more heavily in the coming years in the form of increasingly exacerbated migratory pressures. In addition, societal tensions in Europe have intensified due to the war in the Middle East. Therefore, the shaping of Europe’s security must also take into account the challenges posed by the arc of crises. And at the same time, in many cases these challenges cannot be overcome mainly by military means.
Acceleration of global trends The two key challengers of the existing intemational order – Russia and China – have moved closer to each other. They are both positioning themselves as altematives to the West, with Moscow depending increasingly on Beijing. Meanwhile, Europe and the United States presented a more unified front in recent years than they have done for a long time. None.theless, the future orientation of US foreign policy is unclear, and Europe remains dependent on the United States to a certain extent with respect to security, technology, energy and capital. Russia’s war against Ukraine has made evident that the reach of Westem influence is diminishing. In many places, the war is not perceived from the point of view of intemational law, but rather as a European problem. Russia is less isolated globally than in Europe.
The security arenas of Europe and East Asia are becoming more intertwined in geostrategic terms. The tensions in East Asia also centre on zones of influence and systemic competi.tion. The China-US opposition intensified even before the war against Ukraine. China is closely monitoring developments in Ukraine, with Taiwan in mind. Conversely, the United States is supporting Ukraine while keeping one eye on the tension in East Asia. The political profile of the G7 has risen. Coop.eration between the Atlantic democracies and some Pacific democracies, such as Australia, Japan and South Korea, is deepening. The situation regarding Taiwan and unresolved territorial issues in the South and East China Seas has high potential for escalation. A confrontation in the Asia-Pacific region would play out against the backdrop of highly inter.connected national economies and complex intemational supply chains and could have ramifications far beyond those of the war against Ukraine.
Room for manoeuvre between the centres of power Bloc-building trends can be discemed today. Yet to speak of a world split in two between China and the United States would be to belie the facts of the current situation. Indeed, it is striking that numerous states do not wish to be aligned with one specific centre of power and are trying instead to optimise their room for manoeuvre between the major powers by pursuing variable foreign policies. Prominent examples of such ’middle-ground powers’ include Brazil, India, Saudi Arabia, South Africa and Türkiye. The fluid inter.national constellation of power is underpinned by the fact that technology companies are becoming an increasingly important factor in intemational relations. They already control key aspects of national security, the economy and social interaction.
The regionalisation of conflict and problem resolution currently in evidence also fits the picture of fragmented global politics. Regional cooperation dynamics are strengthening, for example in South East Asia, Africa and in some cases the Middle East. China’s new positioning as a mediating and stabilising power is also influencing regional power relations and cooperation arrangements.
Multiple crises The war against Ukraine has heightened the impression that the world is facing an unusual accumulation of crises. The pandemic was a once-in-a-century event with far-reaching effects on all the countries of the world. According to the UN, within the space of two years, COVID-19 cancelled out the development progress that had been made in the previous five years. The war against Ukraine has not only compounded the security situation but also triggered additional crises, such as growing food insecurity and energy supply issues. More.over, the triple crisis of climate change, loss of biodiversity and environmental pollution is intensifying.
Due to crisis management programmes, many states’ debts have soared. Inflation is also creating high macroeconomic costs. Income inequality is increasing. In some industrial.ised countries, confidence in institutions is diminishing. The concurrent nature of various crises and the rapid global changes are putting a strain on politics, the economy and society. Yet the resolution of the COVID-19 crisis also demon.strates the resilience of liberal democracies, such as Switzer.land.
Politicisation of the economy Like global politics, the global economy is also being marked by fragmentation and regionalisation. Confidence in the global division of labour has been shaken. The resilience of supply chains has become more important than pure efficiency considerations. Securing domestic research and production capacity for new technologies, microchips and semiconductors goes hand in hand with efforts to decrease dependencies. Concepts such as ’de-risking’, ’reshoring’, ’nearshoring’ and ’friendshoring’, ’diversification’, and ’economic deterrence’ are shaping the current debate.
The economic, trade and finance policies of many states are increasingly geared towards security policy and shaped by sanctions regimes. The global markets are becoming increasingly politicised. Protectionism and industrial poli.tics are on the rise again, even among Switzerland’s most important trading partners. The battle for taxable income is intensifying in the context of power politics and cross-border digital economic activities.
Ecological and technological transformations Alongside these geopolitical changes, the world is seeing fundamental ecological and technological transformations. Such changes – and approaches to dealing with them – are in tum influenced by the global political polarisation. For example, climate change is recognised as one of the greatest global risks today. The need for economic growth to be lower on emissions is broadly accepted. Yet only a few countries produce the critical minerals for green and digital technologies. The production of critical minerals is much more concentrated than that of crude oil and natural gas. Supply chains are not very diversified, which carries the risk of new dependencies on authoritarian states.
In general, it can be said that new technologies open up huge opportunities. But while they played a key role in over.coming the pandemic and they offer considerable potential with respect to sustainability goals, they have also become a key dimension in the competition between the major powers. Whoever goes into the lead here gains power. Technological developments can also bear dangers unrelated to power poli.tics: new forms of artificial intelligence (AI) are among the most powerful innovations of recent decades and are likely to have a similar influence on humankind as the intemet once did. Foreseeable breakthroughs in quantum computing could speed up the digital revolution even further. There are, however, justified fears that these developments could pose substantial risks to a free society and even to the very existence of humankind. To preserve security, prosperity and sustainability, it is essential to hamess such forward-looking technologies for the common good and to ensure that they are under human control.
Demography Finally, demography is a key driver of global economic and political trends. Today, the G7 countries only account for 10% of the world’s population. Over a third of humanity now lives in China or India. However, like Europe, China is affected by demographic aging, which is leading to a labour shortage and challenges for its social security systems. India is set to have 300 million inhabitants more than China by 2050, according to UN forecasts. Sub-Saharan Africa will account for around half of global population growth by then. The UN predicts that 8 out of 10 people will be living in Africa or Asia by 2100.
Indispensable multilateralism After making some initial progress, the implementation of the 2030 Agenda for Sustainable Development, which Switzerland played a substantial part in shaping, has suffered from setbacks since 2020. Negative trends can be seen in numerous areas, such as in the renewed increase in extreme poverty or the deterioration of women’s rights. Nonetheless, intemational acceptance of the Agenda has increased at the same time.
Effective multilateralism is essential for finding common responses to global challenges. However, multilateralism is under pressure: institutions that were designed to build consensus have increasingly become the stage for compe.tition between political powers. Intemal organisational dynamics and the fact that structures and mandates that have developed over decades are not always suited to today’s realities contribute to their limited ability to act. Reforms are necessary but difficult in the current environment. Mitigating the global crisis of confidence that has gripped the UN and other intemational bodies is a prerequisite for being able to orient the multilateral system towards the future. Govemance and intemational norms threaten to fragment further unless this happens.
Lack of predictability We are living in a transitional phase with no sign of a stable new intemational order emerging. The existing order is on the brink of ceding to global disorder, with power politics pushing intemational law and collective security further aside, conflicts breaking out into the open, and actors of all kinds testing the limits on what they can do. There is much to suggest that we are merely at the start of a historical tuming point. Our time is characterised by high volatility and low predictability. Accordingly, waming periods are often brief. The future cannot be foreseen. Yet Switzerland still needs to prepare for it in the best possible way, to be able to safeguard its interests even in a difficult environment. This is what the following sections are about.
3 Basic principles
3.1 Core mission Foreign policy is about interests.33 The 1993 White Paper – Switzerland’s first written foreign policy strategy – already described safeguarding interests as the main task of foreign policy, calling it “an all-pervasive theme, in a way the justification and purpose for all foreign policy activity”.
This includes promoting values. Interests and values are interdependent and, in Swit.zerland, are rooted in the Federal Constitution. Accordingly, the latter provides a stable frame of reference for foreign policy. Nonetheless, it leaves a great deal of latitude for shaping foreign policy. The Federal Council uses its Foreign Policy Strategies to concretise the design of its foreign policy.
In our polity govemed by the rule of law, the Federal Consti.tution is the starting point for any Foreign Policy Strategy. Combined with an analysis of the current context, it provides the basis for drawing up strategic priorities. The core mission is rooted in Article 2 of the Federal Constitution. It centres on Switzerland’s security, welfare and independence. The Confederation also ensures the greatest possible equality of opportunity among its citizens, and it is committed to the long-term preservation of natural resources and to a just and peaceful intemational order.
With respect to foreign affairs, Article 54 paragraph 2 of the Constitution stipulates non-exhaustively: “The Confeder.ation shall ensure that the independence of Switzerland and its welfare is safeguarded; it shall in particular assist in the alleviation of need and poverty in the world and promote respect for human rights and democracy, the peaceful co-ex.istence of peoples as well as the conservation of natural resources.” foreign policy competency is also substantiated in Article 101, which states that the Confederation “shall safe.guard the interests of the Swiss economy abroad”.44 See the explanatory statement from the Federal Council in its Dispatch regarding a new Federal Constitution of 20 November 1996 with respect to both articles.
Finally, the bases of foreign policy also include the relevant federal laws. For example, the Swiss Abroad Act specifies that the Federal Council must consider the interests of Swiss persons and institutions abroad when defining its foreign policy strategy (Art. 8).
Security, prosperity, independence: a glance around the world makes it clear that Switzerland is more strongly chal.lenged in these areas today than it has been for a long time.
Security: The dominance of power politics and competition between the major powers are having a negative impact on Switzerland's security. Russia's war of aggression against Ukraine and its geopolitical quest for a sphere of influence present a threat, making the regional environment more unstable. Security thus needs to be given a correspondingly high weighting in foreign policy. As a result, cooperation in foreign and security policy with the EU, NATO and within the OSCE is becoming even more important. It enables Switzer.land to strengthen its own defence capability and contribute to security and stability in Europe at the same time. The comprehensive security approach that typifies Swiss foreign and security policy remains a guiding principle, not least in view of the stabilisation efforts in the arc of crises.
Prosperity: Considerable attention will be given to securing prosperity in the coming years. Global economic devel.opments, as well as the effects of climate disasters and pandemics, harbour the risk of a loss of competitiveness for Switzerland. Competition between business locations is heightening. Despite the difficult geopolitical environment, Switzerland aims to enhance its attractiveness as a location for investment, education, research, innovation and jobs and to further improve the framework conditions for the national economy, including its role as a financial centre. Market access is to be consolidated and diversified. This will enable Switzerland to boost the resilience of its economy. New opportunities are opening up thanks to the country’s strong industry and knowledge basis, forward-looking educational system, high quality of life, good infrastructure and strong innovative capacity.
Independence: Switzerland’s independence – understood as the greatest possible degree of self-determination with respect to its own future and of its freedom to act – depends on Switzerland being able to help shape the framework conditions that affect it. This is harder against the current backdrop of polarisation and fragmentation than in a world marked by globalisation and multilateralism. Switzerland must counter the risk that decisions will increasingly be taken by others. Measures to achieve this include making a comprehensive contribution to norm-defining institutions, maintaining a strong network and cooperating with partners, as well as playing a part in effective multilateralism.
Conclusions for strategic priorities Based on the above points conceming its core mission and an analysis of the current context, the Federal Council has determined the following strategic priorities for its foreign policy for 2024.27:
Geographical: ´ Europe: This region is once again gaining importance for Switzerland in today’s fragmented world. A stable, pros.perous Europe is crucial for Switzerland’s security, pros.perity and independence, and is thus the first priority. Switzerland is part of the European economic, security, and cultural space and needs to strengthen its relations with its neighbours and with the European countries in general, as well as with the EU and NATO. It is indispen.sable to clarify all open questions with respect to the EU. Europe is interpreted broadly in geographical and the.matic terms and also includes European security and the reconstruction of Ukraine (section 4.1).

´ Other world regions: The current transition to a world that is less shaped by the West underlines the importance of constructive relations with every region of the world. Developments such as the rise of the Asia-Pacific region, new dynamics in sub-Saharan Africa and to some extent in the MENA region, the considerable importance of the United States for Switzerland’s prosperity and security, and the growing Swiss community abroad show why it makes sense to have a globally oriented foreign policy. Switzerland has a great deal of soft power worldwide: its strengths, including in intemational cooperation, are valued, and utilised to promote global understanding (section 4.2).

´ Multilateralism: Effective, focused multilateralism and a strong Swiss presence in the relevant forums are crucial for safeguarding Switzerland’s interests. Switzerland aims to play a part in reforming the multilateral system and boosting its efficiency. It can also contribute to global solutions with Intemational Geneva, the three Geneva Centres and initiatives such as the foundation Geneva Sci.ence and Diplomacy Anticipator (GESDA) (section 4.3).


Thematic: ´ Peace and security: The current significance of this tra.ditional foreign policy priority is clear. The main aim is to adapt Switzerland’s good offices and peace promo.tion to the changed intemational conditions, as well as to strengthen security cooperation with the EU and NATO. Additional key themes include arms control, which faces an uncertain future, and cyberdiplomacy. Lastly, this pri.ority also encompasses the themes of forced displace.ment and migration, humanitarian aid and sanctions (section 5.1).

´ Prosperity and competitiveness: Preserving prosperity is growing more challenging. In today’s more contested world, there is a greater need to bolster competitiveness. Important issues include improving the corresponding framework conditions, boosting the resilience of the economy and society, promoting education, research and innovation, diversifying investment and trade partners, and dealing with the consequences of the growing sig.nificance of geo-economic instruments for Switzerland. Contributions to sustainable, inclusive economic and human development as well as to the global fight against poverty as part of intemational cooperation also belong to this priority and underpin the building of correspond.ing partnerships (section 5.2).

´ The environment: The ecological dimension of sustaina.bility is to be a new priority in foreign policy. Mitigating climate change and adapting to its effects are becom.ing urgent tasks. It is essential to raise awareness of the capacity limits of global ecosystems and to reinforce the role of education, research and innovation as drivers of environmental protection. The Federal Council is delib.erately combining the task of improving energy supply security and biodiversity-friendly access to decarbonised energy with this priority (section 5.3).

´ Democracy and govemance: In view of intemational devel.opments, a new strategic focus on promoting democracy is necessary. This is a constitutional obligation and an area in which Switzerland has a lot to offer. It rounds out Switzerland’s well-established profile in promoting peace, intemational law and human rights, anticipatory science diplomacy, equality and good govemance, including in the digital space (digital foreign policy) (section 5.4).


In contrast to the previous FPS, sustainability and digitalisa.tion will no longer be designated as specific priorities. As clearly cross-cutting themes that permeate all thematic areas of foreign policy, they can no longer be reduced to single areas. They are firmly anchored with their own strategies and are covered in section 5 of the FPS 2024.27 both in general terms and within the relevant priority areas.
3.2 What does Switzerland stand for in the world?
Switzerland’s foreign policy identity is closely related to its polity. The country’s political culture shapes the character of its foreign policy, too. Yet Switzerland’s self-image in the intemational arena is not static. It is continually developing, in parallel to its foreign policy and to Switzerland itself.
Reactions to Russia’s war of aggression against Ukraine reveal a divergence in some instances between how Switzerland sees itself and how others see it. This is evident above all with respect to neutrality issues. Debate about Switzerland’s foreign policy profile is also increasing domestically. This comes as no surprise, given the rapid change in the intema.tional environment, and is to be welcomed. Developments both inside and outside Switzerland show how important it is to repeatedly review and adjust foreign policy and reposition it in intemational discourse.
Shared responsibility within Europe Switzerland is a thoroughly European country. It is a Euro.pean-style liberal democracy based on the rule of law. It shares its culture, religion and history with the rest of the European continent. At the same time, Switzerland is one of the few European countries not seeking EU membership. Through the bilateral approach, it cultivates close, customised relations with the EU. This approach towards the EU, which has broad domestic support, influences its foreign policy. Institutionally, Switzerland does not belong to any of the global centres of power.
Even though Switzerland is structured differently from the nation-states around it and follows its own path, it clearly sees itself as part of the European community of shared values. It is much closer to the EU and its member states than to other centres of power. European countries – including the United Kingdom and the EFTA states – and other Westem countries such as the United States are Switzerland’s most important partners. Switzerland recognises the major contri.bution made by the EU to peace, security and prosperity. The same applies to NATO’s role in European security.
Switzerland sees itself as a constructive partner and an advocate of European cooperation. It acknowledges its shared responsibility for drawing up and implementing Euro.pean solutions. It works together with its European partners in foreign and security policy and aims to further strengthen corresponding collaboration efforts and partnerships. It plays a part in reducing inequalities in the enlarged EU and supports other countries in the Westem Balkans, Eastem Europe and the South Caucasus in promoting the social market economy and strengthening democracy and the rule of law. With its political institutions, Switzerland stands for freedom and stability in Europe like hardly any other country.
A voice for global understanding Despite its strong roots in Europe, Swiss foreign policy remains independent and globally oriented. Switzerland maintains an efficient worldwide network of representations, also with a view towards the needs of Swiss citizens and Swiss companies. In the service of universality, it aims in principle for diplomatic relations with all the countries of the world. It is committed to ensuring that all countries receive equal treatment and are able to play a part in resolving regional and global problems to the best of their abilities in a fair and intemationally accepted manner.
Switzerland sees itself as a bridge-builder. Geopolit.ical polarisation and China–US bloc building are not in its interest. It wishes to help rebuild trust at the intemational level. It expects in tum that its independent positioning will be respected intemationally and that it will not be confronted with ’either/or’ demands. When dealing with authoritarian states, Switzerland assumes a position that does not play off values and realpolitik against each other. It shows political backbone whenever intemational law and fundamental rights are massively violated or the universal principles of the UN are twisted. At the same time, Switzerland cannot ignore the growing political and economic might of authoritarian states. It will continue to rely on dialogue and collaboration, wher.ever this is appropriate. In the event of doubt, it will stand up for freedom.
For Europe to be able to hold its own in global competition, it must also reach an understanding with those states that swing between the centres of geopolitical power. As a Euro.pean state, Switzerland will be able to contribute even more to this kind of understanding in the coming years, thanks to its foreign policy profile. The way in which these countries position themselves in the medium term will influence the intemational order.
Intemational Geneva will play a key role in this, as it offers a global hub for dialogue and collaboration in the centre of Europe. A practically universal presence of the UN member states in Geneva and the involvement of relevant non-state actors in discussions should help ensure that Switzerland remains an important location for intemational govemance in the future. For this to happen, Switzerland must continue to enjoy worldwide the trust that is essential for a host state, and to act with the necessary level-headedness.
Domestic and foreign policy strengths Switzerland’s foreign policy profile has specific strengths that contribute to Switzerland’s soft power in the intemational arena. They arise from the key features of Switzerland’s polity. Foreign policy and domestic policy are closely inter.twined in Switzerland. The Swiss parliament, cantons and people participate in foreign policy to a greater extent than in many other countries. Switzerland’s foreign policy is close to its citizens. This is also reflected in the importance attached to services for the Swiss community abroad.
Switzerland stands for dialogue, inclusive solutions, power-sharing, subsidiarity, stability and innovation. These are important foundations for its self-image as a partner for a peaceful, prosperous and sustainable world. Switzerland’s good offices and its role as a location for peace talks are credible because Switzerland never had colonies, it is independent, it does not have a hidden agenda, and it has developed a great deal of expertise in peace promotion, among other reasons. Switzerland is also an intemationally recognised advocate for intemational law, for a strong UN, and for effective multilateralism. In future, it aims to more effectively promote its comprehensive approach to security as extending beyond military aspects in the intemational arena. Against a backdrop of increasing bloc building and instability, these tasks are challenging but remain important.
Supporting people in need is an essential part of Switzerland’s identity. Switzerland provides humanitarian aid quickly, in a targeted manner, and in line with intemational humani.tarian law and with humanitarian principles. Observance and further development of intemational humanitarian law as a basis for protecting civilian populations are key concems for Switzerland, not least because it is the depositary state for the Geneva conventions.
Switzerland helps countries to combat poverty and develop sustainably. In doing so, it concentrates on the needs of their populations, its long-term interests and the added value it can offer compared to others. It acts with a clear thematic and geographical focus. Its long-term development coopera.tion with partner countries, its strong presence on site, and its support for local networks and solutions typify its approach.
Switzerland’s promotion of liberal values and the rule of law is also an integral component of its identity and its foreign policy. This includes advocacy for the universal protection of human rights. Respect for fundamental rights and protection for minorities are key focuses for Switzerland, as are women’s rights and gender equality. By promoting democracy, Swit.zerland aims to leverage a further domestic strength even more in its future foreign policy. As a medium-sized economy with few natural resources and a small domestic market, it stands up for a liberal economic and financial order. It is an attractive location for intemationally active companies and financial institutions.
Finally, innovation and research are also keystones of Switzerland’s foreign policy profile. They contribute to the achievement of sustainability goals, increase companies’ competitiveness and create jobs. Switzerland promotes the involvement of both scientific bodies and the private sector in foreign policy and in the shaping of intemational govem.ance. As a location for research and industry, it leverages its pronounced innovative power in forward-looking partner.ships. One example is GESDA, which provides intemational discussion and knowledge platforms at the intersection between science and diplomacy (section 5.4).
Neutrality and solidarity Switzerland’s history is closely tied up with its neutrality. Without neutrality, this culturally and linguistically diverse civic nation would not have withstood the dynastic and nationalist wars in Europe. Switzerland’s permanent neutrality has been recognised repeatedly in intemational law, for example at the Paris Peace Conference in 1815 as a result of the Congress of Vienna, in the Treaty of Versailles in 1919, and in the context of Switzerland’s accession to the League of Nations in 1920. Switzerland became a member of the UN in 2002 based on a declaration of neutrality in its application for accession. Over the course of history, neutrality has become part of Switzerland’s identity, underpinning its foreign policy roles as an intermediary, a humanitarian player and a host state. Its protective function in security policy has varied in significance over time and is less in focus in the current European environ.ment. Neutrality has a fixed place in Switzerland’s self-image. The Swiss population’s agreement to maintaining neutrality averaged 95% in annual surveys by the Swiss Federal Institute of Technology Zurich (ETH Zurich) between 2013 and 2023.
Switzerland’s permanent neutrality means that it is subject to obligations under the law of neutrality in intemational armed conflicts. Neutrality does not mean indifference, however. Switzerland made this clear once again in its reac.tion to the Russian aggression against Ukraine (section 4.1). Although neutrality limits Switzerland’s room for manoeuvre militarily, it allows the country to show extensive solidarity, which is reflected in its foreign policy profile. Such solidarity, like its neutrality, is a fixed component of Switzerland’s under.standing of its role in the world. the instrument of neutrality leaves room for a cooperative foreign and security policy with European partners and other close partners of Switzerland (section 6.2). The Federal Council aims to consolidate this in the coming years.
3.3 Coherence Effective foreign policy requires coherence in policy-making. All departments deal with foreign policy issues today. The current change in the political environment shows how important coherence is. Faced with crises and positioning issues, Switzerland needs to act and communicate in a unified way in order to safeguard its interests.
Thanks to the political importance attached to coherence, progress was made in this area in the past legislative period. The method involving a foreign policy strategy cascade contributed to this achievement. For the first time, the Federal Council adopted a series of geographical and thematic follow-up strategies to the FPS, fleshing out the respective strategic guidelines. One of the novelties was the definition of objectives and measures for four years, which were drafted, implemented and monitored on an interdepartmental basis. This method gives foreign policy more focus and promotes a culture of collaboration within the Confederation. It is being continued. Further Federal Council strategies55 e.g. Switzerland’s foreign economic policy strategy (2021); 2030 Sustainable Devel. opment Strategy (2022); Security policy report 2021 and Supplementary report 2022; Switzerland’s Intemational Strategy on Education, Research and Innovation (2018); Space Policy 2023. relevant to foreign policy, together with its programme for the legislative period 2023–27, contribute to the coherent framework of its foreign policy.
Aside from the cascading strategy, additional progress was made regarding coherence: Within the framework of Switzerland’s intemational cooperation, the interconnections between humanitarian aid, development cooperation and peacebuilding were improved thanks to a clearer strategy and reorganisation. The seat on the UN Security Council also entailed greater thematic coherence. Interdepartmental collaboration on migration is more closely coordinated today. Foreign and domestic policy coherence with respect to the 2030 Agenda was strengthened, too. Likewise, synergies between actors in Switzerland’s extemal network were increased, and bilateral and multilateral activities were better harmonised.
Further efforts are needed in the following areas: ´ Strategic management: Switzerland’s govemment sys.tem has historically been focused on domestic policy. Measures to strengthen the Federal Council’s leading role in foreign policy are necessary, including more retreats and more frequent anticipatory debates, as have been held for example on China.

´ Positioning: Challenging decisions regarding Switzer.land’s positioning in the interplay between Europe, the United States and China should be discussed and pre.pared at a high level on an interdepartmental basis. To this end, a committee of state secretaries and the respec.tive chairs of interdepartmental working groups will be created. Additionally, it must be checked whether inter.national interconnections of economic and security issues are being taken sufficiently into account by the Confeder.ation’s existing coordination bodies.

´ Strategic communication: Uniform, strategic communi.cation is becoming increasingly important. Switzerland must play an active part in shaping the way in which it is perceived in the global competition. Corresponding measures need to be taken (section 6.1).

´ Dealing with conflicting objectives: Conflicts of objec.tives are an expression of a pluralistic society. They are part of daily life in foreign policy. However, they could become more virulent in a polarised environment. This means that it is important to consider trade-offs in a comprehensive, clear and interdepartmental manner. The Federal Constitution, relevant laws and the strategies adopted by the Federal Council lead the way in this area.

´ Executive.–.legislative: Trust-based collaboration bet-ween the Federal Council, Parliament and the cantons is growing ever more important. The FDFA provides regular foreign policy updates to the relevant committees and bodies. In the past legislative period, the Federal Council presented proposals on involving the foreign affairs com.mittees (FACs) with respect to the seat on the UN Secu.rity Council, on dealing with the FACs’ consultation rights and on Parliament’s role in soft law. The Federal Council has the legitimate expectation that its scope of action as set out in the definition of competencies in the Federal Constitution will not be unnecessarily restricted. At the same time, safeguarding the rights to involvement of the Parliament and the cantons, within the framework of this definition of competencies, helps establish solid domestic political support for Swiss foreign policy.


4 Geographical priorities
4.1 Europe A stable, prosperous Europe is becoming even more impor.tant for Switzerland’s security, prosperity and independence, given the changed global political and economic context (section 3). Thus, Switzerland intends to strengthen the European dimension of its foreign policy in the coming years. It wishes to stabilise and further develop its relations with the EU. Moreover, it aims to reinforce its bilateral relations with its European partners (including the United Kingdom) and to make a substantial contribution to a secure and stable Europe. Its priorities include reconstruction in Ukraine and stability in the Westem Balkans.
As a solution-oriented, independent country with close connections to its partners, Switzerland plays a constructive role in European institutions and initiatives. With Its readi.ness to host a summit meeting of the European Political Community during this legislative period, Switzerland strengthens its position as a reliable partner in Europe and a location for dialogue. The Council of Europe remains the most important organisation for the promotion of democ.racy, the rule of law and human rights for Switzerland. This institution is gaining in significance in the area of digital govemance, and it also has key soft-power instruments, especially in the cultural arena, which can help reduce social polarisation.
Stable relations with the EU that can be further developed The geopolitical situation underlines the importance of stable relations between Switzerland and the EU that can be further developed. Switzerland is the EU’s fourth most important trading partner and its third most important partner for services and direct investments. At the same time, the EU is Switzerland’s most important trading partner. Sectoral participation in the EU’s single market is therefore essential to keep the Swiss economy strong and intemationally competi.tive over the long term and thus also to preserve and expand employment opportunities – all the more so given the uncer.tainty of future global economic developments. Securing and further developing extensive access to the single market as well as collaborating with the EU in selected areas while maintaining as much political independence as possible are therefore core issues of Switzerland’s European policy.
Switzerland has concluded bilateral agreements with the EU that currently permit it to take part in the single market on a sectoral basis. In other areas, cooperation agreements are in the long-term interest of both parties. Relations with the EU are multifaceted and close, and they encompass the full range of sectoral interests. Switzerland is therefore striving to further develop its bilateral approach to the EU. Its main focus is on updating existing single market agreements, concluding new agreements in the areas of electricity, public health and food security, securing the participation in EU programmes, in particular in the area of education, research and innovation, as well as resolving institutional issues in indi.vidual single market agreements. In this context, the Federal Council is also ready to continue to contribute to a secure, stable and prosperous Europe by means of a regular contri.bution. European policy influences numerous aspects of daily life in Switzerland. Consequently, the Federal Council heavily involves the cantons, Parliament and other stakeholders in shaping European policy and developing relations with the EU.
The opportunity to recruit employees from EU/EFTA states as a complement to the potential of the domestic workforce has played a key role in enabling the Swiss economy to meet its need for both skilled and unskilled workers in the past. In view of demographic changes in particular, it must be assumed that this need will still be there in the future. This is another reason why stable relations with the EU are important.
In the field of digitalisation, the EU is breaking new regu.latory ground in various areas also beyond Europe. As a European country, Switzerland follows a digital policy that aims to make it possible to hamess the economic and social potential of technology while safeguarding individual rights as best possible.
Switzerland is a reliable partner that stands in solidarity with the EU. Through the second Swiss contribution to selected EU member states, it is helping to lower economic and social inequalities in the EU and to better manage migra.tion flows. This also goes hand in hand with closer relations with the partner countries. As part of the same community of values, Switzerland and the EU work together to promote prosperity, security and democracy worldwide, and they stand up for intemational law and the achievements of the intemational order. Switzerland strives to intensify its foreign policy dialogue and its corresponding collaboration with the EU and its member states.
Switzerland has been an associate member of Schengen/Dublin since 2008. The resulting collaboration is a funda.mental instrument for Switzerland in the area of domestic security. It ensures that asylum requests are processed by one Dublin member only. Associate membership offers economic and financial advantages. It is also useful for Swiss representations abroad in the areas of consular services and crisis management. A Schengen visa saves time and money for travellers and tourists, as well as for researchers and Intemational Geneva. This makes Switzerland an even more attractive place for business and tourism. The close coopera.tion in the areas of Schengen and Dublin will be continued.
Bilateral relations Switzerland’s neighbouring countries are its most important partners. Switzerland’s interconnectedness with Germany, France, Italy, Austria and Liechtenstein is extremely high in all areas of life. The border regions alone account for almost a third of goods exchanged between Switzerland and the EU. They have a corresponding influence on their respec.tive govemments’ attitudes towards Switzerland. Addition.ally, three of Switzerland’s neighbours – Germany, France and Italy – are G7 states and founding members of the EU. Most of Switzerland’s global trade passes through these countries, as they all have access to the sea. Switzerland’s relations with its neighbouring countries are generally very close and good, but they have occasionally been clouded in recent years by unresolved issues with the EU and by specific issues in individual dossiers. Clarifying open questions and finding constructive solutions is a priority. Cross-border cooperation and the corresponding dialogues, in addition to community initiatives and strategies, such as Interreg und EUSALP, are suitable vehicles for promoting practical solutions and rein.forcing mutual trust.
The Federal Council aims to further consolidate and strate.gically use its bilateral relations with neighbouring countries and with EU member states in general. The quality of such relations also affects Switzerland’s relations to the EU – and vice versa. Contact with the respective presidency of the EU Council is therefore crucial. The United Kingdom is also an important partner of Switzerland. Since its departure from the EU, relations have been deepened and extended. Based on the Federal Council’s Mind the Gap Plus strategy and the joint declaration signed by Switzerland and the United Kingdom in 2022, additional steps will be taken to further develop the bilateral relationship, for example in the areas of free trade, financial services, migration, as well as education, research and innovation.
Further development of contributions to European security European security has been a key foreign policy theme since the Conference on Security and Co-operation in Europe (CSCE) in the 1970s. Promoting cooperative security through the OSCE has also been a priority in the past decade, as tension between Russia and the West has heightened. In light of the changed situation in Europe, European security has been gaining increasing significance for Swiss foreign policy. While the OSCE remains important, Switzerland also aims to develop its security policy cooperation with the EU and NATO, as well as with bilateral partners.
The EU aims to meet its responsibility for security and stability in the Euro-Atlantic region to a greater extent. It is expanding its security policy instruments and is prepared to enhance its partnerships. Switzerland is seizing this opportu.nity. It is developing its security policy consultations with the EU, bolstering its participation in EU peacekeeping missions with high-quality contributions, and identifying additional cooperation opportunities, such as tackling disasters and emergencies. NATO has reverted to defending its alliance and is shaping its partnerships more individually than before. Switzerland aims to amplify its political dialogue with NATO, to improve the interoperability of its army, to consider taking part in more of the alliance’s exercises, and to continue sending personnel to NATO’s staff offices and centres. It also wishes to extend its bilateral security policy network in Europe in order to promote both its own security and Euro.pean security. To this end, it is intensifying its security policy discussions with its partner states, especially its neighbouring states.
Despite all the difficulties the OSCE faces, it continues to make a valuable contribution to security, for example in the form of field missions and election monitoring. Switzerland wishes to ensure that the OSCE will retain its ability to act and its inclusiveness, and it will advocate a retum to cooperative security approaches if and when the security policy environ.ment allows this again.
Ukraine and the Republic of Moldova The partnership with Ukraine in the framework of intema.tional cooperation goes back to the 1990s. From 2014, efforts to find a peaceful solution to the conflict in Ukraine were a priority for Swiss diplomacy. Ever since Russia launched its war of aggression against Ukraine in February 2022, Switzer.land has positioned itself on the side of intemational law and supported Ukraine as far as possible under the law of neutrality (section 1). It will continue to do so. Ukraine’s future will considerably affect Europe’s future and Switzerland’s security.
Russia’s war of aggression has caused enormous suffering in Ukraine. The number of victims is high, more than a third of the population needs humanitarian aid, and large tracts of territory are contaminated by mines and explosive remnants of war. The total costs of reconstruction are estimated at hundreds of billions of Swiss francs. Switzerland is helping to mitigate the consequences of the fighting. Since the start of the war, it has continually adapted its projects and programmes in line with new developments. Initially, a rapid response team provided emergency relief. This team was then replaced by a permanent team from the Swiss Human.itarian Aid Unit. Building on its long-standing development cooperation, Switzerland is working to improve Ukraine’s public health system and its economic prospects, as well as to further democratise its institutions. It provides financial support to intemational aid organisations and sends special.ists to Ukraine. Furthermore, its humanitarian demining oper.ations are also making a key contribution to peace, security and development in the country.
Switzerland is committed to fair, lasting peace in Ukraine. Together with Ukraine, it organised a national security advisers' meeting conceming the Ukrainian president's peace formula and has agreed to his request to organise a high-level conference on peace in Ukraine. It is backing investigations into the most egregious crimes committed as part of the war in Ukraine, and it is a member of the Council of Europe's Register of Damage. Switzerland has offered its good offices to the belligerent states. Ukraine has made use of this offer (including the negotiation of a protecting power mandate in 2022), but Russia has rejected it until now. Switzerland is also supporting the reintegration of Ukrainian nationals, wherever the security situation in their home regions permits this.
Reconstructing Ukraine as a free, sovereign and democratic state is in Switzerland’s interest. By hosting the Ukraine Recovery Conference 2022, it carried out important prepara.tory work. It aims to put the Lugano Principles for sustain.able, inclusive reconstruction into practice. To this end, it is providing financial support that goes beyond its intemational cooperation financing and that also involves the private sector and civil society organisations. In Ukraine’s neighbouring country Moldova, Switzerland is also reinforcing its support in order to help cushion the negative impact of the war against Ukraine and contribute to the region’s stability. Furthermore, the free trade agreement signed between the EFTA states and Moldova in 2023 will strengthen bilateral economic relations.
European perspective for the Westem Balkans The new security situation in Europe is making it more essen.tial to reinforce peace, stability and prosperity in the Westem Balkans, too. A European perspective for the region therefore remains the best approach. Challenges include a renewed rise in tensions and violent incidents in some areas, as well as the difficult economic and demographic situation. In the future, Switzerland wishes to use its foreign policy instruments and contributions in an even more coordinated manner, as part of a comprehensive regional approach. Its focus is on bolstering economic growth and supporting reform processes to boost transparency and democracy. Switzerland has a broad network of relationships with private actors, intemational organisations and civil society. The large diaspora in Switzer.land also has a key role to play in this regard. Switzerland continues to promote the process of dealing with the past in order to foster reconciliation between the various communi.ties. It supports a normalisation of relations between Serbia and Kosovo. Its migration partnerships are strengthening migration govemance in the region and countering irregular migration. Finally, Switzerland is providing two military contin.gents for the Kosovo Force (KFOR) and Multilateral EU Force in Bosnia and Herzegovina (EUFOR Althea) missions. They are contributing to stability and security in the region, without which sustainable development would not be possible.
Türkiye and the South Caucasus Switzerland has an interest in promoting peaceful conflict resolution, democracy, human rights and economic develop.ment in Türkiye and the countries of the South Caucasus. A member of NATO and the G20, Türkiye is a significant regional power with a pivotal function between several regions. Ankara has also been positioning itself as a mediator. Promoting respect for human rights and the principles of the rule of law on both the bilateral and the multilateral levels is still a priority to reinforce Türkiye’s linkages to Westem countries and values. Migration also remains a central theme. In Armenia, Azerbaijan and Georgia, Switzerland has long been active with cooperation programmes. It aims to remain a reliable partner in the coming years. It reaffirms its commitment to making further contributions to resolving the conflict between Armenia and Azerbaijan and to the normal.isation of relations between Armenia and Türkiye. Switzer.land is responsible for the mutual representation of interests in Russia and Georgia. It will continue its cooperation with Georgia within the framework of its migration partnership.
Russia and Belarus Switzerland’s relationship with Russia is under severe strain due to the latter’s war of aggression against Ukraine and its domestic repression. On 28 February 2022, the Federal Council decided to adopt the EU sanctions against Russia. Bilateral dialogue has thus been greatly restricted but not completely stopped. Selective cooperation in the multilat.eral context (for example in the UN Security Council) will continue with the aim of helping to draw up global solutions. Switzerland is committed to making sure that the mech.anisms for monitoring the human rights situation in Russia


are strengthened. The future shape of relations with Russia will depend on the future direction of the war and on its domestic political developments. Belarus has participated in Russia’s military aggression. Switzerland has adopted the EU sanctions in this case too. It is maintaining its contact with official agencies and with the opposition. Moreover, it is working to secure the release of all political prisoners in Belarus and Russia.
Objectives 1.
Switzerland–Europe: Switzerland will stabilise and further develop its bilateral approach to the EU in order to secure existing agreements, conclude new agreements, and ensure its participation in EU programmes. It will promote the development of networks with EU/EFTA states and the United Kingdom, ensure cross-dossier coherence and take action informed by a strategic overview.

2.
Neighbouring states: In cooperation with the cantons, the Confederation will strengthen Switzerland’s partnerships with its neighbours and cultivate trust-based collaboration in its border regions.

3.
Schengen/Dublin: Switzerland will use its Schengen/Dublin association to help combat crime and irregular migration, as well as to protect the area’s extemal borders and to promote an efficient Dublin system at the European level. By adopting and implementing further develop.ments of Schengen, it will strengthen the security of Switzerland and Europe.

4.
European security: Switzerland will promote European security by means of enhanced cooperation with the EU and NATO as well as with partners on a bilateral basis. It will reinforce its participation in military peace promotion missions with high-value contributions and be ready to host a summit meeting of the European Political Community. It will also support the OSCE and offer dialogue formats for exchanges on security policy.

5.
Ukraine: Switzerland will attach strategic importance to supporting and reconstructing the country. It will show solidarity by contributing to Ukraine’s reconstruction as part of its intemational cooperation work and with the help of other instruments. It will work to secure a fair, lasting peace.

6.
Westem Balkans: Switzerland will promote the stability and European integration of the region. To this end, it will deploy its instruments in a regionally coordinated manner and bolster its collaboration with the countries of the Westem Balkans, including with civil society (this encompasses the diaspora), with the private sector and with other donor countries.


4.2 Other world regions Based on its solid anchoring in Europe, Switzerland’s foreign policy remains globally oriented. In line with the principle of universality, Switzerland maintains relations with all states. It seeks to shape bilateral relations with a flexible rather than a one-size-fits-all approach.
Outside Europe, Switzerland attaches particular importance to members of the G20, the forum where the most signifi.cant industrialised and emerging countries discuss financial and economic issues (section 4.3). Relations with some of these countries offer opportunities for Switzerland to diver.sify its economic activities abroad and to fortify its economy’s resilience, for example. Switzerland will take account of the significance of these non-European G20 countries within the context of its diplomatic visits and by boosting interde.partmental coordination in the safeguarding of its interests. Regional middle-ground powers, such as Türkiye, some Gulf States and Singapore, as well as some aspiring regional heavyweights outside the G20, such as Egypt, Nigeria and Israel deserve particular attention too. Switzerland also gives consideration to the growing significance of regional organisations, regional economic communities and groups of states, such as the expanded BRICS format. Additionally, it enters into thematic and context-specific partnerships. Such partnerships exist, for example, as part of bilateral development cooperation and foreign policy on migration, as well as in formats such as the Small Advanced Economies Initiative. Finally, Switzerland intends to give greater priority to innovative trilateral and plurilateral forms of cooperation in the safeguarding of its interests.
The Americas Switzerland enjoys a very good reputation across the coun.tries of the American continent. The vast majority of them are siding with the West when it comes to values such as democracy, the rule of law and human rights, as well as the economic order. In some countries, good govemance is facing major challenges from growing income differences and the polarisation of domestic politics. These issues are also tied up with uncertainties about future geopolitical positioning.
The United States and Canada, both G7 countries, are among Switzerland’s most important partners outside Europe. Their high-performing economies, stable institutions and leading technological and scientific capabilities make them attractive worldwide. The significance of the United States for Switzerland’s prosperity and security has increased further. Close collaboration on bilateral dossiers and in inter.national organisations is crucial for Switzerland. If precious metals are added to trade in goods and services, the United States is currently Switzerland’s largest national trading partner. It is also by far the most important destination for Swiss direct investment abroad (around 20%). Switzerland holds regular talks with the United States on security, cyber, economic and financial issues, guarantees fair conditions for the implementation of intemational tax standards and promotes collaboration in education, research and innova.tion with its science diplomacy, in particular regarding digi.talisation and new technologies. In line with its Americas Strategy 2022–25, Switzerland is working to ensure that Swiss economic actors will continue to have good access to the North American markets.
The countries of Latin America are for the most part democ.racies and have considerable natural resources. They are also very important for the global environment and biodiversity. The energy transition presents a strategic opportunity for them. However, the region also faces notable challenges with respect to security and crime, growing inequality and climate change. As a result, the region is also seeing large flows of migrants. Switzerland maintains close ties with this region, supporting democracy and the rule of law, and continuing to promote sustainable development, even after its with.drawal from bilateral development cooperation. The largest regional economies, Argentina, Brazil and Mexico, which are also members of the G20, offer opportunities to strengthen political and economic relations, especially in the framework of MERCOSUR. Collaboration in the areas of the economy, science, education and the environment, which is already well established, will be developed further. Brazil’s presidency of the G20 (2024) and of the COP30 (2025) offers concrete opportunities to deepen bilateral relations.
Asia-Pacific The Asia-Pacific region continues to move towards the centre of global power structures. It is the world economy’s growth engine and is increasingly a frontrunner in the field of tech.nology. As a result, it is also producing higher levels of CO2 emissions: more than half of the world’s emissions now come from this region. Pressure on democracy is also heightening there. A number of hotspots where escalating tension would have global consequences are attracting increasing attention to the region. Asia-Pacific is becoming more important for Swiss foreign policy. It is vital to deepen collaboration and diversify interests in this complex, promising region. Relevant competencies are thus being developed.
East Asia accounts for more than a quarter of the world’s economic output. China is a key actor, with which Switzer.land intends to maintain priority relations in spite of growing challenges and differences, for example on human rights issues. Switzerland will review and update its China Strategy in 2024–25. It is striving to modemise its existing free trade agreements with Japan and the Republic of Korea, which are both G20 members, and to step up its collaboration with these countries in the areas of research and innovation. It also wishes to intensify cooperation in multilateral forums. More.over, Switzerland is maintaining its commitment to peace and security, for example by providing dialogue platforms and as a member of the Neutral Nations Supervisory Commission (NNSC) on the Korean peninsula. It is ending its bilateral development work with Mongolia in 2024.
South Asia is the most highly populated sub-region, with around 1.9 billion inhabitants. Switzerland would like to tap its economic and scientific potential, for example by means of the free trade agreement that it aims to conclude with G20 member India. Aside from the economic dimension, it wishes to deepen relations with India on a broad basis. In the emerging country Bangladesh, Switzerland is promoting sustainable economic and social development. It is also providing humanitarian aid for the refugee movements fleeing the crisis in Afghanistan. In Nepal and Sri Lanka, which have emerged from civil wars, Switzerland’s support in dealing with the past is a key aspect of bilateral relations.
In Central Asia, the security environment is tense due to the war against Ukraine and the crisis in neighbouring Afghan.istan. This backdrop amplifies the question of geopolitical positioning and the stability of the sub-region. Switzerland has privileged access to the countries of Central Asia, as they belong to the voting constituency in the Bretton Woods Institutions (World Bank, IMF) that it heads. In its exchanges with Kazakhstan, the country’s economic potential plays a key role. In Kyrgyzstan, Tajikistan and Uzbekistan, the focus is on development cooperation. Additionally, Switzerland is advocating a regional approach to cross-border water management.
South East Asia’s dynamic development is opening up new opportunities for the diversification of Swiss interests in the Asia-Pacific region in accordance with the South East Asia Strategy 2023–26. The highly developed country of Singapore is already an important partner today, not least in the areas of finance and education, research and innovation. The G20 member Indonesia deserves particular attention, as it could rise to become one of the world’s five largest economies in the longer term. Switzerland is also seeking to conclude new free trade agreements with Thailand, Malaysia and Vietnam, while its focus in Myanmar is on supporting the country in tackling its ongoing crisis. It will maintain its development cooperation with Cambodia, Indonesia, Laos and Vietnam. Furthermore, it would like to deepen its strategic dialogue partnership with the Association of Southeast Asian Nations (ASEAN).
In Oceania, Switzerland has like-minded partners: Australia, which is a G20 member, and New Zealand. It aims to rein.force its collaboration with both countries, especially on a multilateral basis and in the area of science.
MENA The geographical proximity and geopolitical significance of the MENA region make it an important partner for Europe and Switzerland has an interest in its stability and economic uptum. The intemal structural problems and increasing auto.cratisation of some countries, which led to the Arab Spring protests back in 2011, make far-reaching reforms necessary and harbour latent conflict potential. The region is the scene of numerous conflicts and humanitarian crises. Nonetheless, it is also home to some of the world’s richest countries and it plays a key role in the global energy supply, as it holds more than 50% of the world’s oil reserves. Conflicts are increasingly being tackled on a regional basis. The most recent examples of this are the end of the crisis with Qatar, the rapprochement of Saudi Arabia and Iran, and the re-ad.mission of Syria to the Arab League. Switzerland is a host state for peace talks and negotiations (e.g. Libya), and it supports various regional peacebuilding initiatives.
Since Hamas’s terrorist attacks of 7 October 2023 and Israel’s military response (section 2), certain dynamics of a new order in the region have stalled, at least for now: contin.uation of the normalisation of relations between Israel and Arab states no longer seems realistic without a negotiated resolution of the Palestine question. The latter will be even more difficult to achieve in the changed circumstances. But it is also possible that a renewed awareness of the necessity of a political approach to the Middle East conflict in order to break the spiral of violence could go hand in hand with new impetus for a two-state solution. There could be delays in realising geo-economic projects such as the building of a trade route from India via the MENA region to Europe.
Beyond the Palestine conflict, the Middle East is also racked by other crises. The Syrian crisis has led to large population movements and numerous intemally displaced people in the region, increasing the pressure on surrounding countries. Switzerland’s humanitarian aid is in particular demand. In many countries of the Middle East, people lack economic prospects. Switzerland’s priorities here include collaborating on peacebuilding and on programmes that create jobs for young people. Within the framework of the work to update the MENA Strategy, the Federal Council will review its Middle East policy in light of foreign policy requirements and polit.ical expectations within Switzerland. Through the ban on the terrorist organisation Hamas, the federal authorities will have the necessary instruments to take action against any activities of Hamas and support for it in Switzerland.
While some countries in North Africa are benefiting from booming fossil fuel exports, others are suffering from para.lysing economic crises. Very young populations are seeing themselves faced with limited economic and political pros.pects, mounting poverty and an increasingly authoritarian environment. This is heightening the migratory pressure on Europe. Switzerland’s collaborative work centres around talks on migration and sustainable development.
In the region encompassing the Arabian Peninsula and Iran, the Gulf States have been able to fortify their economic position against the backdrop of the war against Ukraine and have diversified their intemational partnerships. China and Russia have become crucial partners in the areas of the economy, energy and security. The Gulf States have become important economic partners for Switzerland. Their invest.ment-friendly climate, financial dialogues and joint economic commissions meet with interest from Swiss companies and are therefore encouraged. The many years of war in Yemen have led to a major humanitarian crisis. Switzerland continues to represent US interests in Iran.
Sub-Saharan Africa
Comprising 49 countries and over 1.4 billion people, sub-Sa.haran Africa is an increasingly important region in global poli.tics and has considerable economic potential. Still, the region faces major challenges, such as demographic growth, wide.spread poverty, corruption, violent changes of power, armed conflicts, the impact of climate change and strong migratory pressure. Particularly conceming are the developments in the Hom of Africa and in the Sahel region. In the latter, Switzerland is looking into how to shape its intemational cooperation work more regionally and more flexibly, to also support the democratic coastal states of West Africa. Overall, Switzerland enjoys a great deal of credibility in sub-Saharan Africa. Based on this, it aims to seize the opportunities avail.able in line with its Sub-Saharan Africa Strategy 2021–24.
The economic strength of the countries varies greatly. Sustain.able growth is essential to tackle the triple crisis involving the climate, biodiversity and pollution, to combat poverty, to integrate the growing number of young people into the economy and to reduce inequalities. Africa aims to promote regional trade with its African Continental Free Trade Area. Moreover, Europe’s desire to diversify its supply chains offers chances for Africa. Opportunities are arising especially in combination with the advanced digitalisation in some countries. Switzerland is underpinning these by promoting the rule of law, investment protection and clearer economic framework conditions.
Stability and peace in Africa also benefit Switzerland. Promoting peace and combating terrorism remain vital. The latter is on the rise, above all in the Sahel region, Somalia, the north of Mozambique, the Lake Chad region and the African Great Lakes region. Where possible and requested, Switzerland acts as a mediator. It also takes part in UN peacekeeping missions. Switzerland helps to alleviate human suffering and to improve living conditions sustainably.
The aspiration to find its own solutions to regional prob.lems and to choose partners independently is also evident in Africa. At the same time, extemal major and regional powers are increasingly present there. Alongside the United States, the EU and other European countries, which remain central, China, Russia, Türkiye, India and the Gulf States are also aiming to bolster their influence. Frequent diplomatic visits and the continuation of the partnership approach are crucial in this context. In doing so, Switzerland also uses multilateral organisations, such as the UN, the Intemational Organisation of La Francophonie and the African Development Bank, and it is increasing its focus on the African Union, a G20 member. Regional economic communities are becoming more important for Switzerland too.
Objectives 7.
Safeguarding regional interests: Switzerland will position itself as a country that, with its independent foreign policy, strengthens Europe and European achievements within the constellation of global politics, aims for good relations with all the regions of the world, is com.mitted to intemational law and contributes to global understanding. It will intensify its regional diplomatic efforts to identify opportunities for good offices. The geographical follow-up strategies will be examined in terms of objective attainment and adjusted accordingly for the future.

8.
G20 countries: Switzerland will step up the safeguarding of its interests with respect to non-European G20 countries. It will hold talks with these countries at least once a year at the level of a federal councillor.


4.3 Multilateralism Effective, viable responses to global challenges can only be found in a multilateral framework. The Federal Council intends to help boost the effectiveness and efficiency of this system. It is guided in this aim by principles that have proven their value in Switzerland’s political system, such as the prin.cipal of subsidiarity (efficient allocation of tasks). To be able to represent its interests optimally in the multilateral context, Switzerland must be appropriately represented in terms of both content and personnel in the relevant organisations and bodies. Switzerland considers it very important to have Swiss people in leading positions. Its strategic presence promo.tion includes campaigns in favour of Swiss national candida.cies, for example for a seat in the UN Human Rights Council (2025–27) and for annual participation as a guest in the G20, as well as campaigns supporting candidacies by Swiss indi.viduals, for example for the Committee on the Elimination of Discrimination against Women (CEDAW, 2025–28).
UN The UN and its specialised agencies have a particular role in the multilateral system. Its strength lies in the universality of membership, its convening power and the strong legiti.macy of its decisions. It is also unique in that its tasks do not just include political dialogue and normative work, but also comprehensive on-site operational work. For example, there are currently around 70,000 UN blue helmets on deployment.
To remain relevant, multilateralism and thus also the UN and its specialised agencies need to be more effective. Reforms are therefore essential. From Switzerland’s point of view, reforms should include clarifying and sharpening mandates, intensifying partnerships and coordination between actors, and identifying complementary overlaps within the system. That would make it possible to reduce duplications of effort and exploit synergies. A clearer distribution of tasks is crucial. The resources necessary for carrying out tasks need to be made available. It must be possible to gauge the actual impact on site and the correct, efficient use of resources transparently and measurably. Ultimately, professional super.vision and accountability play a key role.
Switzerland has a strong multilateral profile, which is being further sharpened by its seat in the UN Security Council. It is a trusted member of the UN and demonstrates its will to shape events there. It aims to mediate global solutions as a bridge-builder. Hence, it will continue to contribute to selected areas of reform, building on its intemationally recog.nised commitment to reform processes to date, for example with respect to the UN Security Council’s working methods and the UN development system. The processes relating to Our Common Agenda – the UN Secretary-General’s vision for networked, efficient multilateralism – thus have a vital role. As part of this agenda, the Secretary-General also launched the New Agenda for Peace. This new agenda stresses that in a changing world it is important to take a multilateral approach to peace and security based on intemational law. It also contains practical recommendations for a comprehensive UN peace strategy. Additionally, it offers numerous points of reference that can be utilised during and after the remaining term of Switzerland’s mandate as a non-permanent member of the Security Council.
Switzerland wishes to use its mandate in the Security Council to make a contribution to a peaceful, rules-based intemational order. By means of targeted partnerships, it is bolstering its influence and drawing more attention to its interests and positions. It intends to capitalise on this, including after the end of its mandate.
The Federal Council will adopt strategic parameters for Switzerland’s future contribution to focused, effective multi.lateralism.
Despite the setbacks in its implementation (section 2), the 2030 Agenda paves the way to the future with its focus on longer-term global challenges and its comprehensive approach. Due to the tense economic situation in many countries, innovative financing approaches involving the private sector will be needed even more than before in order to achieve the sustainability goals. Switzerland will also participate in the upcoming discussions about the post-2030 Agenda framework at an early stage.
Other multilateral organisations and forums In the WTO, Switzerland defends its trade policy interests, takes part in ongoing reform efforts and works towards securing and further developing a binding multilateral trade system. It supports measures to create optimum transparency in WTO members’ trade policies. In the OECD, Switzerland participates in standard-setting committees, where appro.priate. This means that it can put forward its interests when best practices or standards are being drawn up and anticipate potential effects on its interests in good time. Some standards apply not just to the 38 member states of the OECD but also to other states, including major emerging countries.
The G20 is currently the key forum for global financial and economic issues. This is where concrete mandates are passed on to equally relevant multilateral bodies in attendance (IMF, WB, OECD, FSB, FATF, etc.). Regular participation as a guest in the G20’s Finance Track and in the working groups of the Sherpa Track, for example on trade and investment, anti-cor.ruption issues and health, are important for Switzerland to be able to present its interests at the highest global level.
As the head of a voting constituency in the Bretton Woods Institutions and as a member of the goveming bodies of the regional development banks, Switzerland plays an active role in shaping their strategic, institutional and oper.ational orientation. At the same time, it works within these core organisations to promote a coherent political approach, an efficient and effective global financial architecture, and systematic coordination. It also supports institutional and financial reforms to tackle global challenges.
Intemational police cooperation is indispensable in times of increasing cross-border crime. Alongside bilateral coop.eration, Switzerland relies on global collaboration via INTERPOL and European collaboration via Europol. The latter is strengthened by collaboration within the framework of Schengen. Switzerland plays an active part in combating cross-border financial and economic crime.
Intemational Geneva In the area around the United Nations Office at Geneva, Switzerland is home to a globally unique concentration and variety of actors committed to fortifying the intemational order. These actors help to safeguard the interests and values of Switzerland, which relies on a rules-based intemational order. Intemational Geneva is a neutral location for nego.tiations in the framework of Switzerland’s good offices, intemational dialogue and the search for forward-looking solutions. Major global questions, such as the opportunities and risks presented by technological progress, the govem.ance of artificial intelligence, migration, global health issues and climate change need practical global responses. Gene.va’s ’ecosystem’ provides good conditions for this. The vast, wide-ranging specialist knowledge available and the well-es.tablished culture of collaboration between traditional actors in multilateralism (states and intemational organisations), science, the private sector and NGOs contribute to effective, focused multilateralism.
Major standard-bearers for Intemational Geneva, such as the Intemational Committee of the Red Cross, the offices of the High Commissioner for Human Rights and the High Commissioner for Refugees, rely on innovation to find new solutions to major challenges. The three security policy centres in Geneva that were initiated by Switzerland – the Geneva Centre for Security Policy (GCSP), the Geneva Intemational Centre for Humanitarian Demi.ning (GICHD) and the Geneva Centre for Security Sector Govemance (DCAF) – play an active role in these efforts, in particular in the area of peace and security policy. New insti.tutions and diplomatic initiatives, such as the Global Alliance for the Missing, underline Intemational Geneva’s innovative potential.
Geneva as the centre of global digital and technology policy According to the 2023 Digital Atlas of the Geneva Intemet Platform, 50% of global digital policy is negotiated in Geneva. This needs to be further strengthened, partly with the expertise of long-standing partners, to encourage key digital players, such as technology com.panies, global philanthropists, public and private data producers, and operators of global critical infrastructure to set up a presence in Geneva. The GESDA Foundation already works with the private sector, philanthropists and science in a structured manner, for example in founding the Open Quantum Institute.
Due to increasing competition, Switzerland concentrates its efforts as a host state primarily on strengthening the areas of digitalisation, science diplomacy and the environment, as well as on developing and making available modem frame.work conditions and infrastructure. Switzerland thus aims to reinforce its attractiveness as a host state, alongside its established focuses on intemational humanitarian law and human rights.
In connection with the elaboration of strategic parameters for multilateralism, the Federal Council will also reinforce Switzerland’s position as a host state for the coming years. To this end, it will adopt a multilateralism and host state strategy 2026–29.
Objectives 9.
Multilateralism: Switzerland will advocate focused multilateralism that is geared to the rules-based order, subsidiarity and coherence, so that multilateral bodies can retain the ability to act in the future and contribute to a secure world. It will assume responsibility, especially as a non-permanent member of the UN Security Council. Additionally, it will define its future positioning as a host state with its multilateralism strategy.

10.
2030 Agenda: Switzerland will contribute to the efficient implementation of the 2030 Agenda for Sustainable Development. In doing so, it will give equal consideration to the three dimensions – the environment, the economy and society – in an integrated manner. It will promote an effective follow-up ’post-2030’ agenda.

11.
Intemational Geneva: Switzerland will reinforce the competitiveness of Intemational Geneva, especially in the areas of digitalisation, science diplomacy and the environment. It will also provide modem infrastructure in collaboration with the Canton of Geneva.


5 Thematic priorities
5.1 Peace and security Peace and security are basic prerequisites for prosperity and sustainable development. Conflicts do not just have a local impact: they also affect Swiss interests, influencing security, the economy and migration directly and indirectly. In view of the growing number of conflicts, Switzerland’s commit.ment to peace and security is all the more important. Yet the success rate of peace processes has diminished in the last decade. Many conflicts have become more complex, as have the conditions for mediation (section 2).
Switzerland deploys its good offices in places where its inter.ests are affected, where it can play an active and effective role, and where there is a demand. It realistically appraises the potential uses and impact of its good offices, recognising that dialogue always requires a minimum amount of readiness to compromise and that more dialogue does not necessarily lead to peace. It leverages its room for manoeuvre, brings the conflicting parties into contact discreetly, wherever this is possible, and enables dialogue, negotiations and the search for a compromise. Taking an impartial, negotiation-based approach, Switzerland works directly or in a supporting role to achieve the political conditions for peacefully resolving conflicts. Intemational Geneva serves as its global hub for dialogue and cooperation.
In its civilian peace promotion, Switzerland concentrates on its comparative strengths. Its presence in conflict regions remains crucial. To be able to deploy its resources as effec.tively as possible, Switzerland defines priority regions or countries for its peace policy. In view of the war against Ukraine, it is reinforcing its footprint in Europe. At the same time, it is continuing to manage its peace policy flexibly to be able to seize opportunities. In particular, activities such as supporting mediation, facilitation and dialogue are also possible beyond priority countries, provided that there is a demand and resources are available. The Federal Council attaches great importance to involving women effectively in peace processes and to ensuring protection from sexual and gender-based violence for people who are caught up in conflicts, fleeing and migrating. It will renew the National Action Plan to implement the Women, Peace and Security Agenda.
Military peace promotion creates the conditions to make civilian peace promotion possible in the first place. Switzer.land participates in such missions based on a UN or OSCE mandate. In addition to providing contingents for KFOR and EUFOR Althea (section 4.1), Switzerland also makes mili.tary experts available for UN missions. The Federal Council wishes to focus on contributing particularly sought-after and high-value assets, as set out in the Security Policy Report 2021. It believes that stepping up Swiss participation in peace missions is also a means to intensify its collaboration with NATO and the EU.
Switzerland is involved in combating impunity for the gravest crimes. Justice is essential to prevent atrocities and to consolidate lasting peace. Switzerland supports account.ability mechanisms, in particular the Intemational Criminal Court (ICC). As part of its commitment to dealing with the past, it promotes the right to know, justice, reparation and guarantees of non-recurrence. In addition to the individual dimension of criminal liability, intemational law also stipulates that states must make reparation for breaches of intemational legal provisions and for the resulting loss or damage. Switzer.land is working to ensure that a mechanism will be created intemationally to facilitate Russia’s payment of reparations to Ukraine in accordance with intemational and national legal principles. This is crucial for Ukraine’s reconstruction.
Arms control, disarmament and non-proliferation are currently facing headwinds. In some cases, existing agree.ments are being suspended or terminated. This is all the more reason for Switzerland to work continually to ensure that the relevant agreements and instruments are implemented, universalised and reinforced. At the same time, it is attaching more importance to states reducing risks and acting respon.sibly. The Federal Council continues to stand for a world without weapons of mass destruction. Given the fast pace of technological developments, it is calling for clear, broad-based intemational regulations in the area of autonomous weapons. Additionally, Switzerland is contributing to stability and sustainability in outer space.
Technological developments in cyberspace are also making it more important to observe and implement intemational law. Switzerland is taking part in multilateral discussions to clarify the application of intemational law and to identify any regulatory gaps. It is advocating for the implementation of the UN norms of responsible state behaviour in cyberspace, with the involvement of non-state actors. In line with its Digital Foreign Policy Strategy 2021–24, Switzerland is defending its values in cyberspace too. It is promoting intemational confi.dence-building and thus contributes to global cybersecurity and enhanced collaboration to fight cybercrime.

Climate and security Climate change is increasingly threatening peace and security. Rising temperatures, droughts and floods can threaten livelihoods and food security. Moreover, they can heighten the competition for natural resources in areas that are often already fragile. This can lead to people having to leave their homes. Climate change thus acts as a risk multiplier: it exacerbates existing political, social, economic and ecological stress factors and can also spark tensions. Switzerland is working in various ways, for example at the UN, to ensure that these risks are identified and taken into account, and that appropriate inno.vative solutions are found, such as improvements to early waming systems. Intemational Geneva plays an important role in this area.
Conflicts and wars are key drivers of forced displacement and irregular migration. If the countries of transit and the countries of destination do not have sufficient resources, migration can in itself become a destabilising factor. That is why Switzerland takes a partnership approach to foreign policy on migration: it addresses the challenges and oppor.tunities involved together with the countries of origin, of transit and of destination, for example as part of migration partnerships. Migration is a thematic focus area for Switzer.land’s intemational cooperation work. The Federal Council aligns its migration policy with that of the EU and its member states, where this is appropriate and in Switzerland’s interest. Switzerland shows solidarity with the European countries that are hardest hit by the migration flows and plays a part in improving the protection of the Schengen area’s extemal borders.
Due to rising needs, Switzerland is expanding its humani.tarian aid. It is reinforcing intemational coordination and boosting local capacities. Sustainable aid: By linking humani.tarian aid, development cooperation and peace promotion in a targeted manner, Switzerland reduces humanitarian needs in protracted crises. Forward-looking action: Switzerland is bolstering its contribution to disaster risk prevention. Emer.gency aid and reconstruction: Switzerland is helping in a direct, rapid and targeted manner, basing its emergency aid and support for reconstruction on the humanitarian needs on the ground and on the added value that its expertise can offer. In addition to this, it is promoting intemational human.itarian law.
Switzerland is a reliable partner in the area of sanctions. Sanctions are an important instrument to enforce inter.national law, including in connection with the war against Ukraine. Switzerland is committed to the effective imple.mentation of sanctions, and it works with other states and in particular with the EU to achieve this. In the UN, it is seeking to ensure that the rule of law, human rights and intemational humanitarian law are respected whenever sanctions are imposed and implemented. The negative impact of sanctions on civilian populations should be minimised. Switzerland takes a similar stance in the fight against terrorism, which needs to comply with the rule of law. Humanitarian missions must remain possible despite the fight against terrorism and sanction regimes. Combating terrorist financing remains crucial.
Objectives 12.
Good offices: Switzerland will align both its established and new instruments with the changing geopolitical environment so that it can continue to foster peace and security, as well as a functioning rules-based intemational order. It will facilitate dialogue, negotiations and the search for compromise.

13.
Peace promotion: In addition to its long-term peace policy, Switzerland will strengthen its capability to identify short-term avenues for action and use it to mediate, facilitate dialogue and resolve conflicts. It will enhance its contribution of high-value assets in the area of military peace promotion.

14.
Arms control and disarmament: The Federal Council will support the vision of a world without nuclear weapons. It will promote the reinforcement of the arms control architecture. It will review and update its arms control and disarmament strategy in light of the changed intemational conditions.

15.
Humanitarian action: Switzerland will expand its humanitarian aid by connecting it more closely with its activities in development cooperation and peace promotion. Compliance with intemational humanitarian law and protection of civilian populations in armed conflicts will remain priorities.


5.2 Prosperity and competitiveness In order to ensure sustainable economic growth, even in the face of increasing geopolitical risks, and to strengthen Switzerland’s appeal as a business location, the framework conditions in Switzerland must be continuously reviewed and adjusted if necessary. This applies to the business location, the financial centre and the ERI sector.6 At the same time, it is becoming more important to safeguard the corresponding foreign policy interests. This means helping to shape the relevant intemational conditions, incorporating them into domestic policy, and concluding bilateral and intemational agreements in the areas of business, trade, tax, and ERI that are as advantageous as possible. Resilience and diversifica.tion are also becoming key topics.
Framework conditions for resilience and diversification The Swiss economy has so far managed to hold its own in a world shaped by crises. Economic policy underpins the econ.omy’s resilience by providing conditions in which companies have as many options as possible and can freely select their preferred option.7 Intemational supply and value chains function properly if markets are as open as possible and intemationally agreed rules apply. This results in competi.tion, legal certainty and predictability, which are essential for sustainable economic growth. Securing these conditions remains vital for strengthening resilience and ensuring the security of supply. With this in mind, Switzerland is seeking opportunities to enhance its intemational cooperation in the area of critical goods, such as the Trade and Health Initiative launched during the pandemic within the framework of the WTO. It is focusing on the countries of Europe as strategic partners due to their geographical location and to their cultural, legal and political closeness to Switzerland. Switzer.land examines the industrial policy measures of its Euro.pean and like-minded trading partners and decides whether to participate on a case-by-case basis. A protectionist design of industrial policy initiatives is not in its interest, however.
Sustainability in bilateral free trade agreements Switzerland sets out binding sustainability provisions in its free trade agreements. The state parties undertake to comply with the stipulated requirements in the areas of environmental protection and labour rights when pursuing the economic goals set out in the agreements. Switzerland monitors the implementation of sustainability provisions and addresses any issues systematically with its partner countries. To this end, Switzerland maintains, for example, bilateral working dialogues with selected partner countries. It continually examines and improves the monitoring mechanisms and ensures that the relevant stakeholders are involved and kept informed. Additionally, it checks regularly whether the provisions are still relevant and up to date.
Frontrunner in education, research and innovation To ensure that Switzerland remains successful in a compet.itive and volatile environment, it is even more crucial than before that it remains a centre of excellence for education, research and innovation. Switzerland provides the necessary framework conditions to boost the competitiveness of ERI actors. It will continue its efforts to diversify its intemational partnerships, and to seize opportunities to develop new cooperation projects with promising countries. At the same time, it is strengthening its existing cooperation with its most important partners in the area of ERI, in particular by fostering close bilateral or multilateral collaboration in strategic areas. To this end, Switzerland uses the Swissnex network and its network of representations as a whole. As a host state, it is also paving the way for the long-term development of CERN and encouraging ERI actors to develop technologies that are relevant for future CERN experiments.
Science diplomacy Switzerland’s pole position in intemational rankings in the area of education, research and innovation provides a good basis for high-profile science diplomacy. Swiss science diplomacy helps to strengthen the intemational profile and competitiveness of Swiss actors in the area of education, research and innovation, and to support cooperation projects throughout the world. In tum, science can contribute to diplomatic efforts in the context of good offices, peace promotion and global govemance as well as underpinning evidence-based foreign policy actions.
Sustainable economic and human development Overall, the strategic orientation of intemational coopera.tion in 2021–24 has proven its worth. Cooperation activities have had to be adapted time and again due to the effects of the COVID-19 pandemic, the war against Ukraine, coups, state over-indebtedness and numerous natural catastrophes. Switzerland has demonstrated that it has the necessary flex.ibility to deal with this. Flexibility will also be a feature of the Intemational Cooperation Strategy 2025–28, which will place more emphasis on areas like health, promotion of food security and democracy (section 5.4).
The crises have underlined the importance of economic resil.ience. Hence, systematic promotion of the private sector and good economic framework conditions in developing coun.tries are gaining in significance. Switzerland is supporting the development of the capital markets and MSMEs’ access to sustainable financing. This includes promoting the use of financing instruments to mobilise private investments. Moreover, Switzerland is helping to boost productivity in inter.national value chains and thus to create decent jobs. Inspired by its own vocational education system, it is advocating voca.tional training that is rooted in high-quality basic education and geared to the needs of the job market. In collaboration with the private sector, Switzerland is promoting intemational standards and good corporate govemance practices that guarantee environmental, economic and social sustainability, and that respect human rights. It is bolstering the public insti.tutions that shape economic life by fostering the responsible use of state resources, anti-corruption measures, reliable economic and trade policies, and a favourable environment for high-quality investments.
Economic development is only possible once a certain level of basic services can be guaranteed. Good-quality basic services in the areas of health, education, social security, drinking water and sanitation should be accessible even to the poorest populations. If these services can no longer be provided due to crises or conflicts, Switzerland steps in with humanitarian aid. Development cooperation focusing on the medium to long term helps the authorities in priority countries to ensure equal access to the supply of basic needs. One of the challenges is preserving natural resources while securing their distribution in ways that promote development. As Europe’s water reservoir, Switzerland has proven expertise in the area of water management. It sets corresponding priori.ties in its Guidelines on Water 2022–25.
Health The COVID-19 pandemic showed that global health crises can compromise intemational security, economic develop.ment, social stability and gender equality. The Swiss Health Foreign Policy takes a comprehensive, coordinated approach, advocating the right of every human being to the highest attainable standard of health. The priority areas for action are health protection and humanitarian crises, equal access to medicines and medical technologies, sustainable health.care provision and digitalisation, determinants of health, global health govemance and addiction policy. Switzerland supports key partners in the field of global health, most of which are headquartered in Intemational Geneva.
Data, digitalisation and sustainable development Data and digitalisation play a central role in reaching the goals of the 2030 Agenda. Data need to be available, for example in the areas of population, health and the environment, so that it is possible to react to challenges. Digital technologies have the potential to make transformative changes, but there is also a risk that parts of society and some countries will be left behind. Switzerland assists devel.oping countries in building up robust data and statistics systems, in providing fair access to digital technologies and in using them. At the global level, Switzerland is helping to create trustworthy, trans.national data spaces, taking digital self-determination into account. Switzerland is committed to strengthening digital govemance based on intemational law.
Objectives 16.
Economic conditions: Switzerland will improve its appeal as a business location domestically and intemationally and promotes a rules-based intemational economic and financial order.

17.
Economic resilience: Switzerland will provide the framework conditions for diversifying foreign trade in terms of geography, suppliers and buyers. To this end, it will reinforce its collaboration with partners, especially in the area of essential goods and services.

18.
ERI: Switzerland will develop new bilateral and multilateral cooperation partnerships to strengthen its global strategic positioning. In addition, as CERN’s host state, it will pave the way for the organisation’s long-term development.

19.
Sustainable economic and human development: Switzerland will improve access to the global market for its intemational cooperation priority countries and foster decent jobs for their populations. It will achieve this in particular by improving the framework conditions for the local private sector and by supporting local MSMEs.

20.
Provision of basic services: In its priority countries, Switzerland will improve the access to and quality and coverage of basic services for the poorest communities.


5.3 The environment Preserving natural resources and respecting the limits of our planet is essential to achieving sustainable development as defined in the 2030 Agenda. In its 2030 Sustainable Devel. opment Strategy (2030 SDS), the Federal Council identifies the themes of climate, biodiversity and energy as priorities. There is a need for action in both domestic and foreign policy. Coherence between the relevant policy areas must be increased. It is vital to take a transparent approach to conflicts of objectives resulting from the demands that society and the economy place on the environment, especially in the areas of food systems, housing, leisure activities and mobility. Swit.zerland acts in a responsible manner and takes sustainability into account in its cooperation work.
Climate Tackling the climate crisis is becoming a central task for domestic and foreign policy. Switzerland has been dispro.portionately affected by global warming. It is supporting the goal to limit climate warming to 1.5°C. To achieve this, efforts to reduce greenhouse gas emissions need to be stepped up. The emission reduction targets set out in the Paris Agree.ment should be gradually raised. Switzerland is in favour of a solid climate regime that holds the largest emitters in absolute terms to account and sets a good example itself. It is working to ensure that states’ obligations in tackling climate change are clarified.
Developing countries need to be given support in imple.menting climate policy and adopting climate measures, given that climate change is having increasingly serious consequences for sustainable development. Switzerland is supporting developing countries to combat and adjust to climate change, and is thus boosting their stability and security, among other things. To this end, it is contributing to the long-term transformation to inclusive, sustainable, low-emission and resilient food systems, and economic and financial models that conserve natural resources, especially water and energy. It is committed to ensuring that the needs of the most vulnerable countries and communities are taken into account in intemational strategies and measures in the areas of climate, disaster risk reduction and the environment.
Implementing the principle whereby emission cuts abroad can be included in target achievement should prevent double counting and ensure environmental integrity. Switzerland seeks to conclude bilateral agreements on emission reduc.tions abroad. It also aims to strike bilateral agreements with selected countries that allow it access to suitable CO2 storage facilities abroad so that it can permanently store remote emissions that are difficult to avoid.
Biodiversity plays a crucial role in humankind’s survival. Varied, viable ecosystems form the basis for our food systems, regulate our climate, and provide clean air and water. Their condition has greatly deteriorated in recent decades. Abun.dant biodiversity that is resilient in the face of change could help mitigate climate change and its consequences. To preserve biodiversity, measures are needed at both the local and global levels. Intemational coordination is essential.
Switzerland is committed to ensuring that agreements relating to biodiversity are implemented effectively. One example is the Kunming-Montreal Global Biodiversity Framework agreed in 2022. Switzerland endeavours to strengthen synergies between individual environmental agreements as well as to implement these agreements and conventions and shape their financing mechanisms coher.ently. In multilateral processes, Switzerland places particular emphasis on combatting the most significant global causes of biodiversity loss. These include loss of habitat, excessive use of natural resources, climate change, environmental pollution and the spread of invasive, non-indigenous species.
Pollution Increasing pollution from waste and chemicals is a key driver of biodiversity loss. The intemational chemical and waste regime encompasses various conventions ratified by Switzer.land as well as a voluntary global chemical strategy. The latter has the joint backing of state actors (including Switzerland) and non-state actors. To date, the sustainability goals in this area have not been achieved. A strong intemational regime with a high level of protection is in Switzerland’s interest. It is advocating an ambitious convention on combating plastic pollution, which aims to stop plastics from ending up in the environment by 2040 and which will set out the necessary bases for this purpose.
Switzerland is promoting framework conditions that ensure the sustainable use of natural resources, infrastructure and the financial system. Reinforcing global govemance of mineral resources, taking into account their entire life cycle, is to be a key element in this regard. Metals and minerals play a crucial role in the energy transition, infrastructure and digitalisation.
Energy Switzerland imports around 70% of the energy it needs (fossil fuels, nuclear fuel, wood and, at least in winter, electricity). Electricity trading with the EU must have a legal basis, as must future hydrogen imports and CO2 exports. Swiss invest.ments in energy, most of which are in Europe, also need to be secured under intemational law. The energy sector is respon.sible for the majority of greenhouse gas emissions worldwide. Switzerland is working in the framework of the Intemational Energy Agency IEA and the Intemational Renewable Energy Agency IRENA to ensure that the relevant goals in the 2030 Agenda are achieved. In the Intemational Atomic Energy Agency IAEA, it is helping to improve the security, safety and verification of civilian nuclear material and nuclear plants and to further develop intemational standards and conventions on nuclear security and safety. Switzerland is also working in various intemational bodies to secure the abolition of damaging subsidies for fossil fuels.
Worldwide, more than 700 million people have no access to electricity. 2.4 billion people cook with fuels that are damaging to their health and the environment. A secure, affordable supply of energy leads to better living conditions and improved production processes, both of which are essen.tial for sustainable development and poverty reduction. Swit.zerland is promoting access to clean, affordable energy, an increase in energy efficiency and the decarbonisation of the energy sector in developing and emerging countries. Research, innovation and development are crucial in this area too.


Objectives 21.
Climate change: Switzerland will advocate an effective intemational climate regime that is also binding on the major emitters. As part of its intemational cooperation work, it will support low-emission, climate-resistant development paths in its priority countries. It will secure access to CO2 storage facilities abroad by means of bilateral agreements.

22.
Biodiversity and pollution: Switzerland will promote the protection and sustainable use of global biodiversity. It will strive to secure greater synergies between the relevant conventions and to achieve the goals set out in the Kunming-Montreal Global Biodiversity Framework. In the areas of chemicals and waste, raw material extraction and trading, and infrastructure, it will aim for high standards.

23.
Energy: Switzerland will update its energy foreign policy, in particular with a view to improving its energy security and civilian nuclear safety. It will drive forward the implementation of the energy-related goals in the 2030 Agenda and improve access to clean energy as part of its intemational cooperation work.


5.4 Democracy and govemance Democracies have been under pressure intemally and exter.nally for nearly 20 years now. The global democratic ’reces.sion’, the rise of authoritarian trends and regimes, and the increasing repression and restriction of democratic freedoms in many states are a challenge for Swiss foreign policy. This issue must be tackled systematically and coherently.
Direct democracy is a key component of Swiss political iden.tity. Switzerland has a constitutional and legal mandate to promote democracy. Strengthening democratic values and freedoms serves Swiss interests globally. Despite or precisely because of the restrictions on democratic freedoms, there is a strong desire for greater participation and stronger demo.cratic institutions in many societies. It is important to make greater use of these opportunities, as well as of Swiss poten.tial and expertise.
Switzerland is maintaining its existing democracy promo.tion network with other states. It is also enhancing policy dialogue and helping to strengthen democratic institutions and processes in selected countries. Moreover, it is engaged multilaterally and in exchanges with non-European democra.cies. Given the precarious state of democracy in the world, Switzerland wishes to sharpen its profile in its foreign policy on democracy with the aim of helping to reinforce democratic resilience worldwide. A corresponding conceptual paper will be issued at the start of the new legislative period.
The rule of law remains fundamental for good govemance. One of its hallmarks is the separation of powers, especially the independence of the judicial system. Integrity in govem.ment administration and guaranteed ownership rights are also particularly important. Corruption undermines citizens’ trust in the state and causes major economic damage. Swit.zerland promotes the reinforcement of the rule of law and the separation of powers as well as the protection of civil space. It assists national and local parliaments, govemments and administrations in carrying out their core functions of legislation, execution, representation and oversight. Addi.tionally, it supports civil society actors and the media in their supervisory function.
Human rights Switzerland also has a constitutional and legal mandate to promote human rights. It stands up for the universality and the indivisibility of human rights. It encourages states to implement human rights in the physical world and the digital space and advocates responsible business conduct. Switzer.land defines its thematic priorities – such as abolishing the death penalty, preventing torture, defending freedom of expression, promoting women’s rights and protecting minor.ities – on the basis of its expertise or in response to new challenges that arise, for example as a result of digitalisation or of migration. It implements its human rights diplomacy in line with its Guidelines on Human Rights, which will be renewed for the years 2025–28. The national action plan on business and human rights will also be updated.
Switzerland’s commitment to equal opportunity and equality is based on human rights and the Federal Constitu.tion. Equal opportunity is a priority in the 2030 SDS. More.over, the Federal Council adopted the 2030 Gender Equality Strategy in 2021. Especially at the beginning of their lives, all people should have the same development opportunities and fair starting conditions in terms of education and career prospects, irrespective of their gender, ethnicity, religion, language, economic and social status, way of life, political convictions or any physical or mental disability. Switzer.land promotes equal opportunity and gender equality in its foreign policy too, especially regarding access to public services, resources and decision-making processes.
Intemational law and soft law Observing and promoting intemational law have always been priorities for Swiss foreign policy. However, the intemational norms applicable to Switzerland today do not just consist of bilateral and multilateral agreements, but increasingly also of soft law, national legislation with extraterritorial effect and private-sector standards. The trend towards fragmen.tation is likely to grow further, due to geopolitical tensions and the increasing significance of non-state actors, such as major technology companies. Switzerland needs to adjust its intemational-law, diplomacy and domestic-policy toolboxes in order to represent its interests and values effectively in this new environment.
The increasing significance of soft law leads to questions about democratic legitimacy. In Switzerland, there are legal bases to ensure that Parliament is involved in important soft-law projects. Supplementary provisions on this topic are currently being drafted. Particular attention will continue to be paid to the effective implementation of these bases. Above all, the United States, China and the EU are increasingly adopting legal bases with extraterritorial effect in order to unilaterally create legislation with de facto validity world.wide. Examples include measures in the area of sanctions and laws in the area of new technologies that are applicable in the entire digital space. As a result, intemationally active Swiss companies find themselves exposed to several legal jurisdictions at the same time. This leads to legal uncertainty and can cause legal conflicts. Together with the affected Swiss parties, the Confederation will establish how to deal with overlapping legal jurisdictions and draw up practical guidelines. As this issue does not just impact Switzerland, but also many other states, the Confederation will examine whether intemational principles can be agreed in this area.
New technologies and digital govemance Switzerland advocates open, inclusive digital govemance. Democratic self-determination, the rule of law and respect for human rights need to be guaranteed in the digital space too. Switzerland is promoting stronger connections between govemment lawmaking and private standard-setting in order to obtain an appropriate set of rules for new technologies. Standard-setting by private standards bodies (e.g. ISO or IEC) is of central importance, in particular in the regulation of new technologies. One example is the development of intemational rules for artificial intelligence (AI), to which Switzerland is actively contributing. The Council of Europe is currently negotiating an AI convention, which represents a key basis for general AI principles. However, private standards bodies will bear primary responsibility for the technical imple.mentation of the convention. Consequently, Switzerland will step up its exchanges with these organisations. In view of the rapid developments in AI, Switzerland also wishes to foster new govemance formats that bring together authorities, private companies, intemational organisations and research institutions. With Intemational Geneva as a global hub for digital govemance, it possesses a key instrument for this endeavour.
Moreover, Switzerland is attempting to establish an inclusive, human-centred approach to data govemance by launching a global initiative to create trustworthy data spaces based on digital self-determination. The aim is to facilitate a trust.worthy digital economy for all the parties involved. Addition.ally, it is promoting digital sovereignty, that is, the ability of states and intemational organisations to act in the digital space. Switzerland is committed to ensuring that the data of govemments and intemational organisations enjoy immunity, even if they are stored in clouds in other countries. To regu.late data access rights in general, it is examining the feasibility of an intemational clearing house that can define binding access rights for the affected states and cloud providers in case of disputes.
Rapid scientific and technological developments are the basis for anticipatory science diplomacy, which expands Swit.zerland’s well-established science diplomacy (section 5.2). It aims to identify the implications of new scientific develop.ments for the global common goods as early as possible and to make them of use to the general public. Switzerland has the capability to make an intemationally effective instrument available for this purpose, thanks to its strong position in education, research and innovation and as a host state of numerous organisations and global govemance processes in Geneva. The GESDA foundation, which was set up by the Federal Council and the Geneva State Council, develops new methods and initiatives in collaboration with science, diplo.macy, business and civil society.
Objectives 24.
Democracy: Switzerland will sharpen its profile in its foreign policy on democracy. It will implement programmes to strengthen democratic institutions and processes in partner countries and it will promote democracy in policy dialogue and multilaterally.

25.
Human rights: Switzerland will work bilaterally and multilaterally to protect and promote human rights. It will help to consolidate the legal and institutional framework at the intemational level. It will advocate gender equality and in particular the rights of women and girls.

26.
Extraterritorial legislation: Switzerland will promote legal certainty for Swiss companies that are dealing with different legal jurisdictions. The Confederation will draw up corresponding guidelines for Swiss companies with the involvement of all stakeholders. Based on this, it will examine the feasibility of an intemational instrument that sets out principles for states to deal with extraterritorial legislation.

27.
Digital govemance: Switzerland will promote open, inclusive digital govemance that respects human rights. It will advocate a corresponding intemational regulatory framework for AI and launch a global initiative that creates trustworthy transnational data spaces based on digital self-determination and establishes intemational data govemance.

28.
Anticipatory science diplomacy: Switzerland will position itself as a leader in this area, and it will work with actors in the area of education, research and innovation to ensure that scientific findings and recommendations will be taken into account in the decision-making of multilateral bodies at an early stage and to a greater extent. This will increase the efficiency and effectiveness of multilateralism.


6 Instruments
6.1 Overview Conducting foreign policy is the responsibility of the Federal Council. The FDFA is the designated responsible depart.ment. Its goals and functions are set out in a Federal Council organisation ordinance. Various instruments are available to implement foreign policy, including the extemal network and citizen-oriented consular services, diplomacy, intemational cooperation, good offices and communication. These instru.ments are described in greater detail below. The intemational activities of specialist departments constitute further specific instruments, which are not presented here. Examples include economic and financial dialogues, migration partnerships, scientific and cultural exchanges, and collaboration between intelligence services.

These instruments are aligned with each other and deployed in a coordinated manner. The Federal Council speaks with one voice abroad and is positioned accordingly in the extemal network. The FDFA encourages its staff to develop their competencies and skills. It also promotes career permeability, experience outside the Confederation and equal opportunities.
Extemal network and citizen-oriented services In line with its independent foreign policy profile, Switzer.land has a relatively large network of diplomatic and consular representations. These cover a broad area of tasks across the entire spectrum of diplomacy, intemational cooperation, and beyond. For example, they support Swiss companies abroad and they act as contact partners for the total of around 11% of Swiss citizens who live abroad with their families. Swiss nationals living abroad play an important role for the Swiss economy, research and other areas, and contribute to Swit.zerland’s positive image. Additionally, the representations assist Swiss citizens who need help and support in emergency situations abroad (the Swiss take around 16 million trips abroad per year). They operate a worldwide system that effi.ciently processes approximately 750,000 visa applications. The representations implement security and crisis manage.ment to keep their operations running and protect their staff and assets.
Status in 2023
170 representations worldwide with approximately 4,000 employees (see annex) One Switzerland = extemal network as a platform for various players within and close to the Confederation: business promotion (Swiss Business Hubs); education, research and innovation (Swissnex); defence, police and migration attachés; promotion of tourism (Switzerland Tourism) Collaboration with Schengen partner states for cost-effective, global coverage in the area of visas: Switzerland represents other Schengen states in around 60 cases and is likewise represented by Schengen states in around 60 cases A Crisis Management Centre provides support from Bem and via nine regional security advisers in the extemal network Implementation of the 2030 Agenda with concrete projects run by the representations Diplomacy is at the heart of foreign policy. It aims to main.tain and develop intergovemmental relations in a peaceful manner, to reach political agreements and negotiate legal settlements and monitor their implementation. Diplomacy represents Swiss interests bilaterally towards other states, in a multilateral framework and towards non-state actors. Foreign policy issues in all areas (including security, peace, disarmament, the economy, finance, energy, health, develop.ment, law, migration, the environment, transport, education, research, innovation, and culture) are dealt with by diplomacy. Consequently, the FDFA is not the sole institution responsible for diplomacy. For example, trade diplomacy, which has always been crucial, is managed by the Federal Department of Economic Affairs, Education and Research (EAER) based on Switzerland’s foreign economic policy strategy.
Status in 2023 Diplomatic service with around 380 transferable diplomats, including 240 abroad Specialists active in diplomacy/foreign policy within the FDFA and the extemal network, as well as in units with an intemational focus in all departments Linguistic and cultural diversity as a specific strength of Swiss diplomacy Intemational cooperation The Confederation’s intemational cooperation comprises humanitarian aid, development cooperation and civilian peace promotion. Humanitarian aid is rather short-term in nature. It saves lives, helps to protect civilians and relieves the suffering of populations who are worst hit by disasters, crises and conflicts. Development cooperation is orientated towards the longer-term. It aims to strengthen institutions and improve the living conditions in the priority coun.tries. To achieve this, the Confederation operates bilateral programmes, works within the framework of multilateral institutions (e.g. UN organisations, development banks) and runs global programmes. Its civilian peace promotion aims to prevent and resolve violent conflicts by deploying its exper.tise in confidence-building. The Confederation also supports intemational organisations and institutions by seconding civilian staff to them. Military peace promotion is not part of intemational cooperation, but it is closely tied to civilian peace promotion. The Confederation participates in the peacekeeping operations of intemational organisations with a UN or OSCE mandate by providing staff and equipment. The FDFA shares its institutional responsibility for intema.tional cooperation with the EAER, which is active in particular in the area of economic development cooperation.
Status in 2023
Around 320 employees on the intemational cooperation career path, roughly half of whom are abroad. Numerous specialist employees and local employees with intemational cooperation tasks Swiss Humanitarian Aid Unit (SHA); approximately 250 deployments in around 50 countries every year Employees specialised in peacebuilding in various representations
100 civilian secondments and more than 250 military personnel on nine UN-mandated peacebuilding missions Provision of military expertise for training purposes Good offices Good offices can be seen as an instrument of diplomacy, but they also overlap with intemational cooperation and are presented separately here. They aim to keep discussion chan.nels open and resolve conflicts peacefully. The term ’good offices’ refers to three areas: Protecting power mandates: Switzerland takes over some of the consular and/or diplo.matic tasks if two states break off their relations either fully or partially. Host state: Switzerland is a host state for peace conferences and negotiations. Mediation and dialogue facil.itation: Switzerland enables dialogue between parties to a conflict as mediator by shaping peace processes, supporting dialogues or brokering between the parties. The good offices of Switzerland have a long-standing tradition and will continue to form an integral aspect of its foreign policy profile (sections 3.2 and 5.1). Switzerland makes its good offices available when its interests are affected, it can be effective and they are requested. It examines, on a case-by-case basis, the extent to which good offices or other instruments are best suited to its purpose of contributing to peace and stability. In each case, it also weighs peace policy interests against other interests. The Federal Constitution and the Federal Council’s strategies serve as the basis for weighing these interests.
Status in 2023 Long-standing expertise and credibility Discretion, flexibility and fundamental willingness to talk to all actors Involved in around 20 peace processes Around half a dozen protecting power mandates Numerous dialogues in Switzerland (section 4.3) The three Geneva centres (GCSP, GICHD and DCAF) are recognised centres of expertise for peace and security policy The extemal network and special envoys (MENA, Sahel, Hom of Africa), among others, play crucial roles, in addition to specialised staff for peacebuilding Communication is an essential component of politics, and is indispensable for achieving foreign policy goals. It increases foreign policy’s effectiveness and scope for action, as well as underpinning diplomacy. Inside Switzerland, communica.tion helps to anchor foreign policy domestically and to form the opinions of the Swiss population, enabling them to take well-informed decisions on all political levels. Within Swit.zerland’s political system, communication and exchanges on foreign policy issues between all stakeholders are of particular importance, as evidenced by the Switzerland–EU dossier. As needed, coordinated communication between the Confed.eration and the cantons, is also important for strengthening foreign policy’s long-term viability. Abroad, Switzerland’s communication promotes recognition and understanding of its positions, interests and values, thereby helping to safe.guard Switzerland’s interests.
Status in 2023 Target-and audience-oriented communication to explain the content and reasons for foreign policy decisions, both domestically and intemationally Alignment of communication activities between the departments and with the Federal Chancellery, and as needed the cantons, especially in the case of crises and strategic issues Definition of objectives and priorities for communication abroad in the Strategy for Communication Abroad
6.2 Neutrality is part of Switzerland’s foreign policy identity (section 3.2). It is also one of Switzerland’s foreign policy instruments. Neutrality was deliberately never enshrined as a goal in the constitution. Depending on the intemational constellation, the Federal Council has always adjusted the effective form of its neutrality, using the leeway that the constitution provides for. In its report in response to the postulate ’Clarity and guidance in neutrality policy’ of 26 October 2022, the Federal Council traced the corresponding concepts. The basis has always been the law of neutrality, which is intemational law going back to the Hague Convention of 1907. The new situation in Europe following Russia’s war of aggression against Ukraine has reignited debate on how to handle neutrality. In this case, the background situation looks different from earlier conflict constellations in Europe. This time, Switzerland’s neighbours are not at war with each other. Nor is Europe split in two as it was during the Cold War, when the Iron Curtain ran relatively close to the Swiss border. Russia’s war of aggression is a threat to Europe, including Switzerland. To date, Europe has reacted to it in a remarkably unified manner. In this context, some key Westem partners have shown diminished understanding for how Switzerland is holding on to its neutrality (section 1).
That said, the geopolitical context also features competition between the major powers and a trend towards renewed bloc-building, which regional powers in particular are trying to circumvent by positioning themselves as middle-ground powers (section 2). Switzerland’s profile as an advocate for dialogue and mutual understanding, as a European host state with a global impact and as a bridge-builder for effective multilateralism remains relevant in this context. Neutrality plays a part in this profile and continues to open up opportu.nities (section 3.2). It often contributes to Switzerland’s good reputation, for example in Asia, the Middle East, Africa and Latin America.
In this altered environment, new challenges are arising with regard to neutrality. The war against Ukraine has highlighted the question of how Switzerland, as a neutral state, should deal with serious breaches of the UN Charter by a permanent member of the Security Council. In this case, the UN Secu.rity Council has failed to take binding measures against the offender. There are voices in intemational law that consider the law of neutrality to be inapplicable in such clear cases of military aggression. They claim that the law of neutrality has been obsolete in such circumstances since the introduction of the UN Charter in 1945. This would mean that neutral states could support the victim of aggression militarily just like any other state.
However, the vast majority of intemational law experts do not share this opinion. The prevailing view is that if the collec.tive security system fails to work because of a deadlock in the UN Security Council, the law of neutrality continues to apply despite serious breaches of the UN Charter. The rules of the UN Charter and the law of neutrality thus exist side by side. In such cases, as a permanently neutral state, Switzerland abides by its obligations under the law of neutrality in the event of war.
The law of neutrality only imposes obligations in the mili.tary arena. Neutral states are not allowed to join any military alliances or to support belligerent states militarily. Likewise, they are not permitted to deliver weapons from their own army stocks to belligerent states, and they are obliged to observe the equal treatment requirement with regard to the private export of military goods. These rules are to be interpreted and applied on a case-by-case basis. Outside this rather narrow area that is defined by the law of neutrality, Switzerland is free as a neutral state to position itself with respect to belligerent states. Switzerland thus has consid.erable scope for action in security and foreign policy. The Federal Council set out the basis for this scope for action in its 1993 White Paper on Neutrality. Aside from the obliga.tions under the law of neutrality, neutrality does not prevent Switzerland from showing solidarity with Ukraine and its population through concrete action and support, nor does it stand in the way of a cooperative foreign and security policy to foster European security.
It is permissible under the law of neutrality for Switzerland to react to breaches of intemational law, to publicly condemn such breaches and to initiate non-military measures against belligerent states. Moreover, Switzerland is required by inter.national law to support UN sanctions. Since 1998, it has also adopted EU sanctions on a case-by-case basis after weighing its interests. Where these sanctions only apply to economic activities, they do not fall under the law of neutrality. Military goods that directly influence the fighting ability of belligerent parties are an exception to this. In such cases, Switzerland is required to comply with the equal treatment provision in the law of neutrality when imposing and applying sanctions.
The adoption of EU sanctions against Russia has triggered discussions as to whether Switzerland should rule out the adoption of sanctions against belligerents for political reasons in view of their far-reaching consequences. The Federal Council had taken this decision to safeguard Switzerland’s interests and to meet the imperative of showing solidarity with its most important partners. If Switzerland had refrained from joining the sanctions regime against Russia, it would have been isolated in the European and transatlantic arena and would most probably have had to reckon with consid.erable repercussions for its economy. It would have been incomprehensible for many like-minded states if Switzerland had not adopted its key partners’ measures to maintain the intemational order – from which it greatly benefits – even though those measures are not subject to any restrictions under the law of neutrality.
As well as the sanctions issue, the war against Ukraine has also highlighted the issue of war materiel exports, espe.cially the question of whether European states should be able to re-export war materiel manufactured in Switzerland to Ukraine. European partner states consider that the Swiss approach and Swiss war materiel legislation are hindering the provision of legitimate aid to Ukraine. Switzerland’s relia.bility in the area of war materiel exports has been called into question, which is negatively impacting its domestic secu.rity-related technology and industrial base. In this context, proposals have been put forward in Switzerland on how Swiss legal provisions on re-export could be amended to facilitate re-exports by European partner states. The challenge remains of how to apply such amendments to existing interstate wars while complying with the law of neutrality.
The war against Ukraine has led to discussions about how the collective security system can be maintained if the UN Secu.rity Council is incapable of taking a decision. Since the 1950s, a ’uniting for peace’ procedure has been available, which is seen as a way out in some cases. Under this procedure, if the UN General Assembly deals with an issue of intemational peace or intemational security, it can pass a resolution with a two-thirds majority if the Security Council itself is unable to pass such a resolution due to a veto. This procedure has failed to establish itself over the decades, however. The proce.dure has only rarely been used, most recently at the end of February 2022 following Russia’s military aggression against Ukraine. Additionally, such resolutions lack the legal effect of UN Security Council resolutions. Switzerland is prepared to work intemationally to find solutions to further develop intemational law and to play a part in ensuring that the UN remains able to act even if the UN Security Council is dead.locked. For viable solutions to be drawn up, such work must take place on the multilateral level.
Switzerland’s neutrality can only be effective if it is under.stood and acknowledged intemationally and if it is consid.ered useful. Yet some European states that originally consti.tuted the main benchmark for neutrality hardly recognise the value of Switzerland’s neutrality nowadays. Any change to the current practice and interpretation of the law of neutrality must be carefully considered and should not be derived solely from the debates about the war against Ukraine. Amend.ments to the War Materiel Act could give the Federal Council more scope for action, in particular with respect to future conflicts between states, without calling into question the law of neutrality. With the present FPS, the Federal Council stresses that Switzerland can also share in European responsibility as a neutral state. It aims to emphasise this even more in its foreign policy in the coming years.
7 Implementation partners Broad networking is necessary to safeguard interests effec.tively. Switzerland works with numerous actors to implement its strategy. It cultivates partnerships and fosters networks not just with govemments and intemational organisations, but increasingly also with non-state actors. In particular companies and scientific institutions are gaining in signif.icance as partners. Domestically, the Federal Council takes a Whole-of-Switzerland approach, involving – in addition to Parliament and the cantons – all other relevant national stakeholders in the shaping and implementation of its foreign policy. Switzerland continually monitors the use of its resources and the attainment of targets by means of intemal and extemal control mechanisms.
States: As a reflection of universality, Switzerland main.tains relations with all states, if possible. It conducts political dialogues with many of them. Depending on the state, it also engages in thematic dialogues in areas such as human rights, financial issues, the environment, science and education, the digital and cyber arenas, and consular collaboration. Switzer.land’s network of representations abroad (section 6.1) and the representations of other countries in Switzerland play important roles. Switzerland takes a flexible approach to shaping partnerships (section 4.2), with its most important partners including European states and the EU.
Intemational and regional organisations: As central hubs for dialogue and the reconciliation of interests, these organ.isations are a key platform for Switzerland to make its voice heard, to network and to contribute its expertise. Addition.ally, many organisations (UN agencies, the World Bank, etc.) take over operational tasks and act as partners for the imple.mentation of the FPS. Switzerland attaches great importance to ensuring that such organisations operate with clear goals and transparent control mechanisms and that they strive to be efficient and effective. As a host state, it promotes good framework conditions for effective multilateral action.
Companies: A stable environment is important for private companies to be able to achieve their goals. As a result, there are often common interests. Companies are a key to prosperity and can play a part in improving the well-being of people on the ground. Responsible business conduct underpins sustainable development and helps to protect human rights. Without companies’ resources, expertise and innovative strengths, it is not possible to implement the 2030 Agenda. The private sector is a key partner in particular for development cooperation. Closer collaboration with the sector is also of mutual interest in digital foreign policy and science diplomacy, for example with respect to govemance issues.
Science: Scientific policy advice is becoming more important for foreign policy too, not just with a view to tackling crises, but also to better understand the complexity of many chal.lenges and to formulate cross-sector solutions. As part of its science diplomacy, the Confederation is fostering collabo.ration between diplomacy and science, and contributing to the intemational networking of ERI players (section 5.2). As a sponsor of the GESDA Foundation, it attaches importance to anticipatory science diplomacy and is fostering the inter.play of diplomacy, science, the private sector and NGOs in order to generate new impulses for multilateral cooperation (section 5.4).
Civil society: Switzerland works with non-govemmental organisations in numerous contexts. These organisations are active, for example, in development cooperation, humani.tarian aid, the promotion of human rights and sustainability. Other civil society actors, such as religious organisations, groups of citizens, non-profit associations and foundations, and interest groups may also be contact partners or imple.mentation partners. The skills and output of non-state actors form the basis for corresponding partnerships.
Annex Overview Objectives 2024–27 Geographic Objectives 1.
Switzerland–Europe: Switzerland will stabilise and further develop its bilateral approach to the EU in order to secure existing agreements, conclude new agreements, and ensure its participation in EU programmes. It will promote the development of networks with EU/EFTA states and the United Kingdom, ensure cross-dossier coherence and take action informed by a strategic overview.

2.
Neighbouring states: In cooperation with the cantons, the Confederation will strengthen Switzerland’s partnerships with its neighbours and cultivate trust-based collaboration in its border regions.

3.
Schengen/Dublin: Switzerland will use its Schengen/Dublin association to help combat crime and irregular migration, as well as to protect the area’s extemal borders and to promote an efficient Dublin system at the European level. By adopting and implementing further developments of Schengen, it will strengthen the security of Switzerland and Europe.

4.
European security: Switzerland will promote European security by means of enhanced cooperation with the EU and NATO as well as with partners on a bilateral basis. It will reinforce its participation in military peace promotion missions with high-value contributions and be ready to host a summit meeting of the European Political Community. It will also support the OSCE and offer dialogue formats for exchanges on security policy.

5.
Ukraine: Switzerland will attach strategic importance to supporting and reconstructing the country. It will show solidarity by contributing to Ukraine’s reconstruction as part of its intemational cooperation work and with the help of other instruments. It will work to secure a fair, lasting peace.

6.
Westem Balkans: Switzerland will promote the stability and European integration of the region. To this end, it will deploy its instruments in a regionally coordinated manner and bolster its collaboration with the countries of the Westem Balkans, including with civil society (this encompasses the diaspora), with the private sector and with other donor countries.

7.
Safeguarding regional interests: Switzerland will position itself as a country that, with its independent foreign policy, strengthens Europe and European achievements within the constellation of global politics, aims for good relations with all the regions of the world, is committed to intemational law and contributes to global understanding. It will intensify its regional diplomatic efforts to identify opportunities for good offices. The geographical follow-up strategies will be examined in terms of objective attainment and adjusted accordingly for the future.

8.
G20 countries: Switzerland will step up the safeguarding of its interests with respect to non-European G20 countries. It will hold talks with these countries at least once a year at the level of a federal councillor.

9.
Multilateralism: Switzerland will advocate focused multilateralism that is geared to the rules-based order, subsidiarity and coherence, so that multilateral bodies can retain the ability to act in the future and contribute to a secure world. It will assume responsibility, especially as a non-permanent member of the UN Security Council. Additionally, it will define its future positioning as a host state with its multilateralism strategy.

10.
2030 Agenda: Switzerland will contribute to the efficient implementation of the 2030 Agenda for Sustainable Development. In doing so, it will give equal consideration to the three dimensions – the environment, the economy and society – in an integrated manner. It will promote an effective follow-up ’post-2030’ agenda.

11.
Intemational Geneva: Switzerland will reinforce the competitiveness of Intemational Geneva, especially in the areas of digitalisation, science diplomacy and the environment. It will also provide modem infrastructure in collaboration with the Canton of Geneva.


Thematic Objectives 12.
Good offices: Switzerland will align both its established and new instruments with the changing geopolitical environment so that it can continue to foster peace and security, as well as a functioning rules-based intemational order. It will facilitate dialogue, negotiations and the search for compromise.

13.
Peace promotion: In addition to its long-term peace policy, Switzerland will strengthen its capability to identify short-term avenues for action and use it to mediate, facilitate dialogue and resolve conflicts. It will enhance its contribution of high-value assets in the area of military peace promotion.

14.
Arms control and disarmament: The Federal Council will support the vision of a world without nuclear weapons. It will promote the reinforcement of the arms control architecture. It will review and update its arms control and disarmament strategy in light of the changed intemational conditions.

15.
Humanitarian matters: Switzerland will expand its humanitarian aid by connecting it more closely with its activities in development cooperation and peace promotion. Compliance with intemational humanitarian law and protection of civilian populations in armed conflicts will remain priorities.

16.
Economic conditions: Switzerland will improve its appeal as a business location domestically and intemationally and promotes a rules-based intemational economic and financial order.

17.
Economic resilience: Switzerland will provide the framework conditions for diversifying foreign trade in terms of geography, suppliers and buyers. To this end, it will reinforce its collaboration with partners, especially in the area of essential goods and services.

18.
ERI: Switzerland will develop new bilateral and multilateral cooperation partnerships to strengthen its global strategic positioning. In addition, as CERN’s host state, it will pave the way for the organisation’s long-term development.

19.
Sustainable economic and human development: Switzerland will improve access to the global market for its intemational cooperation priority countries and foster decent jobs for their populations. It will achieve this in particular by improving the framework conditions for the local private sector and by supporting local MSMEs.

20.
Provision of basic services: In its priority countries, Switzerland will improve the access to and quality and coverage of basic services for the poorest communities.

21.
Climate change: Switzerland will advocate an effective intemational climate regime that is also binding on the major emitters. As part of its intema.tional cooperation work, it will support low-emission, climate-resistant development paths in its priority countries. It will secure access to CO2 storage facilities abroad by means of bilateral agreements.

22.
Biodiversity and pollution: Switzerland will promote the protection and sustainable use of global biodiversity. It will strive to secure greater synergies between the relevant conventions and to achieve the goals set out in the Kunming-Montreal Global Biodiversity Framework. In the areas of chemicals and waste, raw material extraction and trading, and infrastructure, it will aim for high standards.

23.
Energy: Switzerland will update its energy foreign policy, in particular with a view to improving its energy security and civilian nuclear safety. It will drive forward the implementation of the energy-related goals in the 2030 Agenda and improve access to clean energy as part of its intemational cooperation work.

24.
Democracy: Switzerland will sharpen its profile in its foreign policy on democracy. It will implement programmes to strengthen democratic institutions and processes in partner countries and it will promote democracy in policy dialogue and multilaterally.

25.
Human rights: Switzerland will work bilaterally and multilaterally to protect and promote human rights. It will help to consolidate the legal and institu.tional framework at the intemational level. It will advocate gender equality and in particular the rights of women and girls.

26.
Extraterritorial legislation: Switzerland will promote legal certainty for Swiss companies that are dealing with different legal jurisdictions. The Con.federation will draw up corresponding guidelines for Swiss companies with the involvement of all stakeholders. Based on this, it will examine the feasibility of an intemational instrument that sets out principles for states to deal with extraterritorial legislation.

27.
Digital govemance: Switzerland will promote open, inclusive digital govemance that respects human rights. It will advocate a corresponding intema.tional regulatory framework for AI and launch a global initiative that creates trustworthy transnational data spaces based on digital self-determination and establishes intemational data govemance.

28.
Anticipatory science diplomacy: Switzerland will position itself as a leader in this area, and it will work with actors in the area of education, research and innovation to ensure that scientific findings and recommendations will be taken into account in the decision-making of multilateral bodies at an early stage and to a greater extent. This will increase the efficiency and effectiveness of multilateralism.


List of abbreviations and acronyms
2030 SDS 2030 Sustainable Development Strategy AI Artificial intelligence BRICS An informal grouping of Brazil, China, India, Russia and South Africa (with additional states from 2024) CERN European Organization for Nuclear Research CO2 Carbon dioxide COP30 30th Conference under the UN Framework Convention on Climate Change DCAF Geneva Centre for Security Sector Govemance EAER Federal Department of Economic Affairs, Education and Research EFTA European Free Trade Association ERI Education, research and innovation ETH Federal institute of technology EU European Union EUFOR Althea European Union Force Bosnia and Herzegovina Europol European Police Office EUSALP Macro-regional EU Strategy for the Alpine Region FACs Foreign affairs committees FATF Financial Action Task Force FDFA Federal Department of Foreign Affairs FPS Foreign policy strategy FSB Financial Stability Board G20 Group of Twenty (African Union, Argentina, Australia, Brazil, Canada, China, European Union, France, Germany, India, Indonesia, Italy, Japan, Mexico, Russia, Saudi Arabia, South Africa, South Korea, Türkiye, United Kingdom, United States) G7 Group of seven (Canada, France, Germany, Italy, Japan, United Kingdom, United States) GCSP Geneva Centre for Security Policy GDP Gross domestic product GESDA Geneva Science and Diplomacy Anticipator GICHD Geneva Intemational Centre for Humanitarian Demining ICRC Intemational Committee of the Red Cross IEA Intemational Energy Agency IEC Intemational Electrotechnical Commission IMF Intemational Monetary Fund INTERPOL Intemational Criminal Police Organization IRENA Intemational Renewable Energy Agency ISO Intemational Organization for Standardization KFOR Kosovo Force MENA Middle East and North Africa MERCOSUR Common Market of the South (Mercado Común del Sur) MSMEs Micro-, small and medium-sized enterprises NATO North Atlantic Treaty Organization NGO Non-govemmental organisation OECD Organisation for Economic Co-operation and Development OSCE Organization for Security and Co-operation in Europe SHA Swiss Humanitarian Aid Unit UN United Nations UNDP United Nations Development Programme UNHCR Office of the United Nations High Commissioner for Refugees USD US dollar WB World Bank WTO World Trade Organization Glossary The FDFA website contains a glossary with foreign policy terms, which is kept continually up to date. The aim of the glossary is to contribute to a common understanding of foreign policy terms.
6 See the Federal Council’s 2022 overview of action to strengthen Switzerland as a business location, its 2020 financial market strategy and Switzerland’s 2018 Intema. tional Strategy on Education, Research and Innovation.
7 The Federal Council’s Foreign Economic Policy Strategy of 24 November 2021.



Content
1 Introduction 4
2 Context 6
3 Basic principles 12
3.1 Core mission 12
3.2 What does Switzerland stand for in the world? 14
3.3 Coherence 16
4 Geographical priorities 18
4.1 Europe 18
4.2 Other world regions 23
4.3 Multilateralism 26
5 Thematic priorities 29
5.1 Peace and security 29
5.2 Prosperity and competitiveness 31
5.3 The environment 33
5.4 Democracy and govemance 35
6 Instruments 38
6.1 Overview 38
6.2 Neutrality 41
7 Implementation partners 43
Annex 44 Overview Objectives 2024–27 44 Extemal network 48 List of abbreviations and acronyms 50
Glossary 52



Figure 1: Share of global GDP, USD (at 2020 prices) (source: World Economic Outlook, IMF, 2023).

Figure 2: Trouble spots and unresolved conflicts in the regions surrounding Europe (source: FDFA).



Figure 3: Number of intemally displaced persons, refugees (incl. Palestinian refugees), and asylum-seekers 1993–2022 (source and explanations: UNHCR).


Figure 4: Unilateral trade restrictions (number of measures) (source: World Economic Outlook, IMF, 2023).


Figure 5: Geographical concentration of the global extraction of minerals that are important for the energy transition (source: U.S. Geological Survey).


Figure 6: Predicted demographic trend by region (source: UN World Population Prospects 2022).


Figure 7: Switzerland’s foreign policy profile (source: FDFA).

Figure 8: Cascading foreign policy strategy for the legislative period 2019–23 (source: FDFA).

Foreign Policy Strategy 2020–23



Level 1

Strategic (Federal Council)

Level 2

Geographic

Thematic

Thematisch

Arms Control and Disarmament Strategy 2022–25

MENA Strategy 2021–24

China Strategy 2021–24

IC-Strategy 2021–24

Americas Strategy 2022–25

Sub-Saharan Africa
Strategy 2021–24

Strategy for Communication Abroad 2021–24

Digital Foreign Policy Strategy 2021–24

South East Asia Strategy 2023–26

The SDC and the Private Sector 2021–24

OSCE Action Plan 2022–25

Guidelines on Water 2022–25

Human Rights Guidelines 2021–24


Operational (Departments)

Level 3

Mine ActionAction Plan 2023–26


Figure 9: Switzerland’s most impor.tant trading partners in 2022, by volume of trade (goods and services). The data do not include trade in precious metals (source: in-house calculation based on figures from the Federal Customs Administration, Swiss-Impex, and SNB).


Figure 10: The Lugano Principles (source: FDFA).


Figure 11: G20 countries outside Europe (source: FDFA).


Figure 12: The 17 goals of the 2030 Agenda for Sustainable Development (source: UN).


Figure 13: Figures on Intemational Geneva (source: FDFA; current figures available here).


Figure 14: Concurrent rise in global CO2 emissions (ppm) and the median temperature (in °C compared with 1961–90) (source: Meinshausen et al. 2017; Neukom et al. 2019; Climatic Research Unit (University of East Anglia) and Met Office 2023).


Figure 15: Regional democratic progress and setbacks between 2012 and 2022. A country is ’autocratising’ or ’democratising’ if the difference is statistically significant and substantial according to the democracy index (source: V-Dem).

Figure 16: Swiss intemational cooperation instruments (source: FDFA).



Extemal network in Europe

Status: 31.01.2024 Sources: FDFA, Natural Earth Data, UN The borders, names and designations shown on this map do not imply recognition or acceptance by Switzerland.

EMBASSY


REPRESENTATION OFFICE


COOPERATION OFFICE


OTHER REPRESENTATIONS


CONSULATE



Extemal network outside of Europe

Status: 31.01.2024 Sources: FDFA, Natural Earth Data, UN The borders, names and designations shown on this map do not imply recognition or acceptance by Switzerland.

REPRESENTATION OFFICE


COOPERATION OFFICE


TEMPORARILY CLOSED EMBASSY


GENERAL CONSULATE


PERMANENT MISSION/REPRESENTATION


OTHER REPRESENTATIONS


CONSULATE



Imprint
Editor:
Swiss Federal Department of Foreign Affairs FDFA
3003 Bem www.fdfa.admin.ch
Publikcation date:
31.01.2024
Design:
Team Audiovisual, FDFA Communication
Cover photograph:
Parliamentary Services, 3003 Bem This publication is also available in German, French and Italian. It can be downloaded from the website www.fdfa.admin.ch/strategy.
Bem, 2024 / © FDFA"
